Capability_ID,Domain,Capability,V1_Status,Current_Status,Parity_Result,V1_Evidence,Current_Evidence,Runtime_Evidence,Severity,Launch_Blocker,Recommended_Action,Notes
CAP-001,Admin,AdminEmperor,L4_END_TO_END_WIRED,NOT_ESTABLISHED,LOST,AdminEmperor.tsx:370,No reliable current equivalent located,Runtime: admin endpoints reject unauthenticated requests; no authorized admin session was available.,P2,NO,Restore or formally defer in PASS C.,"No current AdminEmperor symbol, page, or route found."
CAP-002,Matching,AdminEliteLeads,L4_END_TO_END_WIRED,STATIC_EVIDENCE_ONLY,LOST,AdminEliteLeads.tsx:144,lib/db/schemas/leads-schema.ts; lib/services/leads/lead.service.ts; app/api/contact/route.ts,No V1 developer-project matchmaking or elite-lead runtime route found; service-provider matching is a different capability.,P1,NO,Restore or formally defer in PASS C.,No current isEliteLead or leadScore field/route found; service leads are not equivalent.
CAP-003,Matching,AdminMatchmaking,L4_END_TO_END_WIRED,NOT_ESTABLISHED,LOST,AdminMatchmaking.tsx:138,No reliable current equivalent located,No V1 developer-project matchmaking or elite-lead runtime route found; service-provider matching is a different capability.,P1,NO,Restore or formally defer in PASS C.,No current developer-project matchmaking stats/run/run-all surface found.
CAP-004,Membership,AdminMembership,L4_END_TO_END_WIRED,STATIC_EVIDENCE_ONLY,REGRESSED,AdminMembership.tsx:544,lib/amrs/events.ts; lib/amrs/workspace.ts; lib/amrs/organization.ts; app/dashboard/offices/page.tsx,No authenticated plan/promo/license lifecycle test performed.,P1,NO,Restore or formally defer in PASS C.,"V1 combined rank, badge, trial, promo, override and subscription controls; no equivalent consolidated capability found."
CAP-005,Authorization,AdminActivityLog,L4_END_TO_END_WIRED,STATIC_EVIDENCE_ONLY,NEEDS_RUNTIME_PROOF,AdminActivityLog.tsx:138,lib/logging/logger.ts; lib/security/dev-login.ts; src/components/ui/Dialog.tsx; lib/amrs/contracts/activity.ts,Runtime: unauthenticated /api/admin/stats=403 and /api/admin/roles=401; privileged positive path not tested.,P1,NO,Provide controlled fixtures and execute the full capability chain in PASS B runtime continuation.,"Static candidates exist, but the complete V1 chain was not exercised."
CAP-006,Ads,AdminAds,L4_END_TO_END_WIRED,STATIC_EVIDENCE_ONLY,NEEDS_RUNTIME_PROOF,AdminAds.tsx:1926,lib/integration/ads.ts; src/components/AdSlot.tsx; lib/db/schemas/leads-schema.ts; app/admin/ads/ads-admin-client.tsx,Runtime: POST /api/ads/match with global_header/home/SA returned 200 and a matched creative; legacy GET /api/advertising/match returned 500.,P1,NO,Provide controlled fixtures and execute the full capability chain in PASS B runtime continuation.,"Static candidates exist, but the complete V1 chain was not exercised."
CAP-007,Admin,AdminAnalytics,L4_END_TO_END_WIRED,STATIC_EVIDENCE_ONLY,NEEDS_RUNTIME_PROOF,AdminAnalytics.tsx:310,lib/news/analytics.ts; app/api/news/analytics/route.ts; app/api/admin/analytics/route.ts; app/api/service-analytics/route.ts,Runtime: admin endpoints reject unauthenticated requests; no authorized admin session was available.,P1,NO,Provide controlled fixtures and execute the full capability chain in PASS B runtime continuation.,"Static candidates exist, but the complete V1 chain was not exercised."
CAP-008,Services,AdminArtisans,L1_UI_ONLY,RUNTIME_CERTIFIED,IMPROVED,AdminArtisans.tsx:234,app/admin/services/*; app/api/service-providers/[id]/status/route.ts,"PASS C.S.1B production 3014: provider application hidden before approval; Provider/Customer self-approval 403; Moderator approval 200; approved provider became publicly visible.",P1,NO,Retain certification evidence and regression-test.,"Current admin approval and public-visibility lifecycle exceeds the V1 UI-only evidence."
CAP-009,Auctions,AdminAuctions,L3_PARTIAL_FLOW,STATIC_EVIDENCE_ONLY,NEEDS_RUNTIME_PROOF,AdminAuctions.tsx:325,lib/db/schemas/auctions-schema.ts; app/auctions/page.tsx; lib/auctions/policy.ts; app/api/auctions/route.ts,Runtime: /auctions=200 and /api/auctions?limit=1=200 with zero rows; bidding/closing/contract lifecycle not executable without fixtures.,P1,NO,Provide controlled fixtures and execute the full capability chain in PASS B runtime continuation.,"Static candidates exist, but the complete V1 chain was not exercised."
CAP-010,Admin,AdminBlog,L1_UI_ONLY,STATIC_EVIDENCE_ONLY,NEEDS_RUNTIME_PROOF,AdminBlog.tsx:247,src/data/translations.ts,Runtime: admin endpoints reject unauthenticated requests; no authorized admin session was available.,P1,NO,Provide controlled fixtures and execute the full capability chain in PASS B runtime continuation.,"Static candidates exist, but the complete V1 chain was not exercised."
CAP-011,Admin,AdminCategories,L4_END_TO_END_WIRED,STATIC_EVIDENCE_ONLY,NEEDS_RUNTIME_PROOF,AdminCategories.tsx:212,app/services/categories/page.tsx; app/api/service-categories/route.ts; app/api/services/categories/route.ts; app/api/service-categories/[id]/route.ts,Runtime: admin endpoints reject unauthenticated requests; no authorized admin session was available.,P1,NO,Provide controlled fixtures and execute the full capability chain in PASS B runtime continuation.,"Static candidates exist, but the complete V1 chain was not exercised."
CAP-012,Chat,AdminChat,L4_END_TO_END_WIRED,STATIC_EVIDENCE_ONLY,NEEDS_RUNTIME_PROOF,AdminChat.tsx:791,lib/services-marketplace-schema.ts,Runtime: unauthenticated /api/messages=401; no two-user send/read/realtime test performed.,P1,NO,Provide controlled fixtures and execute the full capability chain in PASS B runtime continuation.,"Static candidates exist, but the complete V1 chain was not exercised."
CAP-013,Admin,AdminContent,L1_UI_ONLY,STATIC_EVIDENCE_ONLY,NEEDS_RUNTIME_PROOF,AdminContent.tsx:212,lib/content-schema.ts; src/content/legal-center.ts; src/content/public-destinations.ts; app/page.tsx,Runtime: admin endpoints reject unauthenticated requests; no authorized admin session was available.,P1,NO,Provide controlled fixtures and execute the full capability chain in PASS B runtime continuation.,"Static candidates exist, but the complete V1 chain was not exercised."
CAP-014,Admin,AdminDiscounts,L3_PARTIAL_FLOW,NOT_ESTABLISHED,NEEDS_RUNTIME_PROOF,AdminDiscounts.tsx:406,No reliable current equivalent located,Runtime: admin endpoints reject unauthenticated requests; no authorized admin session was available.,P1,NO,Provide controlled fixtures and execute the full capability chain in PASS B runtime continuation.,No reliable equivalent was established; retained as unknown rather than declaring LOST without direct proof.
CAP-015,Admin,AdminFreeResources,L3_PARTIAL_FLOW,STATIC_EVIDENCE_ONLY,NEEDS_RUNTIME_PROOF,AdminFreeResources.tsx:196,lib/news/rss.ts; lib/mysql-runtime.ts; src/types/sponsor.ts; lib/content-schema.ts,Runtime: admin endpoints reject unauthenticated requests; no authorized admin session was available.,P1,NO,Provide controlled fixtures and execute the full capability chain in PASS B runtime continuation.,"Static candidates exist, but the complete V1 chain was not exercised."
CAP-016,Office Integration,AdminLicenseKeys,L4_END_TO_END_WIRED,STATIC_EVIDENCE_ONLY,NEEDS_RUNTIME_PROOF,AdminLicenseKeys.tsx:560,lib/i18n/keys.ts; app/api/i18n/admin/keys/route.ts; lib/i18n/db.ts; lib/db/schema.ts,"Runtime: unauthenticated /api/office/v1/sync=401; pairing, device auth, sync, stream, and retry require a provisioned device.",P1,NO,Provide controlled fixtures and execute the full capability chain in PASS B runtime continuation.,"Static candidates exist, but the complete V1 chain was not exercised."
CAP-017,Admin,AdminLookups,L1_UI_ONLY,NOT_ESTABLISHED,NEEDS_RUNTIME_PROOF,AdminLookups.tsx:451,No reliable current equivalent located,Runtime: admin endpoints reject unauthenticated requests; no authorized admin session was available.,P1,NO,Provide controlled fixtures and execute the full capability chain in PASS B runtime continuation.,No reliable equivalent was established; retained as unknown rather than declaring LOST without direct proof.
CAP-018,Admin,AdminMarketRates,L4_END_TO_END_WIRED,STATIC_EVIDENCE_ONLY,NEEDS_RUNTIME_PROOF,AdminMarketRates.tsx:308,lib/market/market-scope.ts; lib/services/marketplace.ts; lib/services/seed-marketplace.ts; lib/services-marketplace-schema.ts,Runtime: admin endpoints reject unauthenticated requests; no authorized admin session was available.,P1,NO,Provide controlled fixtures and execute the full capability chain in PASS B runtime continuation.,"Static candidates exist, but the complete V1 chain was not exercised."
CAP-019,Authorization,AdminModerators,L4_END_TO_END_WIRED,STATIC_EVIDENCE_ONLY,NEEDS_RUNTIME_PROOF,AdminModerators.tsx:681,app/api/admin/moderators/route.ts; app/admin/roles-admin-client.tsx,Runtime: unauthenticated /api/admin/stats=403 and /api/admin/roles=401; privileged positive path not tested.,P1,NO,Provide controlled fixtures and execute the full capability chain in PASS B runtime continuation.,"Static candidates exist, but the complete V1 chain was not exercised."
CAP-020,Admin,AdminNewsTicker,L4_END_TO_END_WIRED,STATIC_EVIDENCE_ONLY,NEEDS_RUNTIME_PROOF,AdminNewsTicker.tsx:422,src/components/NewsTicker.tsx; components/advertising/placements/NewsTicker.tsx; app/admin/advertising/news-ticker/page.tsx; lib/integration/news.ts,Runtime: admin endpoints reject unauthenticated requests; no authorized admin session was available.,P1,NO,Provide controlled fixtures and execute the full capability chain in PASS B runtime continuation.,"Static candidates exist, but the complete V1 chain was not exercised."
CAP-021,Notifications,AdminNotifications,L1_UI_ONLY,STATIC_EVIDENCE_ONLY,NEEDS_RUNTIME_PROOF,AdminNotifications.tsx:267,lib/integration/notifications.ts; app/api/service-notifications/route.ts; app/api/office/v1/notifications/route.ts; app/dashboard/office/notifications/page.tsx,Service notification routes exist; no authenticated delivery/read/bulk-read runtime test performed.,P2,NO,Provide controlled fixtures and execute the full capability chain in PASS B runtime continuation.,"Static candidates exist, but the complete V1 chain was not exercised."
CAP-022,Admin,AdminPayments,L4_END_TO_END_WIRED,NOT_ESTABLISHED,NEEDS_RUNTIME_PROOF,AdminPayments.tsx:330,No reliable current equivalent located,Runtime: admin endpoints reject unauthenticated requests; no authorized admin session was available.,P1,NO,Provide controlled fixtures and execute the full capability chain in PASS B runtime continuation.,No reliable equivalent was established; retained as unknown rather than declaring LOST without direct proof.
CAP-023,Membership,AdminPlans,L3_PARTIAL_FLOW,STATIC_EVIDENCE_ONLY,NEEDS_RUNTIME_PROOF,AdminPlans.tsx:469,lib/mysql-runtime.ts; lib/content-schema.ts; app/api/admin/stats/route.ts; app/admin/dashboard-admin-client.tsx,No authenticated plan/promo/license lifecycle test performed.,P2,NO,Provide controlled fixtures and execute the full capability chain in PASS B runtime continuation.,"Static candidates exist, but the complete V1 chain was not exercised."
CAP-024,Properties,AdminProperties,L3_PARTIAL_FLOW,STATIC_EVIDENCE_ONLY,NEEDS_RUNTIME_PROOF,AdminProperties.tsx:401,hooks/useProperties.ts; lib/properties-format.ts; lib/properties-schema.ts; src/data/demo-properties.ts,"Runtime: /properties=200, GET /api/properties?limit=1=200, GET /api/properties/search?limit=1=200; authenticated mutations not tested.",P1,NO,Provide controlled fixtures and execute the full capability chain in PASS B runtime continuation.,"Static candidates exist, but the complete V1 chain was not exercised."
CAP-025,Auctions,AdminRelistMonitoring,L4_END_TO_END_WIRED,NOT_ESTABLISHED,LOST,AdminRelistMonitoring.tsx:386,No reliable current equivalent located,Runtime: /auctions=200 and /api/auctions?limit=1=200 with zero rows; bidding/closing/contract lifecycle not executable without fixtures.,P1,NO,Restore or formally defer in PASS C.,No suspicious-relist review surface or model found.
CAP-026,Admin,AdminReports,L1_UI_ONLY,STATIC_EVIDENCE_ONLY,NEEDS_RUNTIME_PROOF,AdminReports.tsx:373,app/admin/reports-admin-client.tsx; app/admin/reports/page.tsx; app/api/service-reports/route.ts; app/api/service-reports/[id]/resolve/route.ts,Runtime: admin endpoints reject unauthenticated requests; no authorized admin session was available.,P1,NO,Provide controlled fixtures and execute the full capability chain in PASS B runtime continuation.,"Static candidates exist, but the complete V1 chain was not exercised."
CAP-027,Admin,AdminSEO,L1_UI_ONLY,NOT_ESTABLISHED,NEEDS_RUNTIME_PROOF,AdminSEO.tsx:608,No reliable current equivalent located,Runtime: admin endpoints reject unauthenticated requests; no authorized admin session was available.,P1,NO,Provide controlled fixtures and execute the full capability chain in PASS B runtime continuation.,No reliable equivalent was established; retained as unknown rather than declaring LOST without direct proof.
CAP-028,Services,AdminServiceMarket,L4_END_TO_END_WIRED,RUNTIME_CERTIFIED,IMPROVED,AdminServiceMarket.tsx:425,lib/services/booking.ts; lib/services/marketplace.ts; app/api/service-bookings/*; app/api/service-requests/*; app/api/service-offers/*,"PASS C.S.1B production 3014: independent Direct Booking and RFQ both completed through review; privacy and role matrix passed; fresh PostgreSQL lifecycle passed.",P1,NO,Retain certification evidence and regression-test.,"Current market preserves RFQ and adds an independent price-snapshotted Direct Booking domain with stronger authorization/privacy."
CAP-029,Services,AdminServiceReviews,L4_END_TO_END_WIRED,RUNTIME_CERTIFIED,IMPROVED,AdminServiceReviews.tsx:307,app/api/service-reviews/route.ts; app/api/service-bookings/[id]/review/route.ts; app/api/service-jobs/[id]/review/route.ts; lib/services/public-dto.ts,"PASS C.S.1B production 3014: Direct Booking and RFQ reviews created after completion; provider rating became 4.5/2; public review JSON leaked no participant identities.",P1,NO,Retain certification evidence and regression-test.,"Review lifecycle is preserved with fail-closed public DTOs and customer-only Direct Booking review enforcement."
CAP-030,Admin,AdminSettings,L1_UI_ONLY,STATIC_EVIDENCE_ONLY,NEEDS_RUNTIME_PROOF,AdminSettings.tsx:509,app/admin/settings-admin-client.tsx; app/admin/settings/page.tsx; app/api/service-marketplace-settings/route.ts; app/services/page.tsx,Runtime: admin endpoints reject unauthenticated requests; no authorized admin session was available.,P1,NO,Provide controlled fixtures and execute the full capability chain in PASS B runtime continuation.,"Static candidates exist, but the complete V1 chain was not exercised."
CAP-031,Office Integration,AdminSoftwareLicenses,L4_END_TO_END_WIRED,STATIC_EVIDENCE_ONLY,NEEDS_RUNTIME_PROOF,AdminSoftwareLicenses.tsx:205,lib/amrs/profiles.ts; src/data/translations.ts; app/knowledge/new/page.tsx; src/content/legal-center.ts,"Runtime: unauthenticated /api/office/v1/sync=401; pairing, device auth, sync, stream, and retry require a provisioned device.",P1,NO,Provide controlled fixtures and execute the full capability chain in PASS B runtime continuation.,"Static candidates exist, but the complete V1 chain was not exercised."
CAP-032,Services,AdminTenders,L3_PARTIAL_FLOW,RUNTIME_CERTIFIED,IMPROVED,AdminTenders.tsx:103,app/api/service-requests/*; app/api/service-offers/*; app/api/service-jobs/*,"PASS C.S.1B production 3014: RFQ request publish → matching → provider offer → customer selection → order → completion → review passed with Moderator/Admin visibility controls.",P1,NO,Retain certification evidence and regression-test.,"The canonical RFQ domain now proves the competitive request/offer lifecycle that was previously unestablished."
CAP-033,Admin,AdminTickets,L1_UI_ONLY,NOT_ESTABLISHED,NEEDS_RUNTIME_PROOF,AdminTickets.tsx:424,No reliable current equivalent located,Runtime: admin endpoints reject unauthenticated requests; no authorized admin session was available.,P1,NO,Provide controlled fixtures and execute the full capability chain in PASS B runtime continuation.,No reliable equivalent was established; retained as unknown rather than declaring LOST without direct proof.
CAP-034,Identity,AdminUsers,L3_PARTIAL_FLOW,STATIC_EVIDENCE_ONLY,NEEDS_RUNTIME_PROOF,AdminUsers.tsx:1049,app/admin/users-admin-client.tsx; app/admin/users/page.tsx; app/api/advertiser-users/route.ts; lib/db/schema.ts,"Runtime: /login=200, /register=200, unauthenticated /api/auth/me=401; no authenticated lifecycle tested.",P1,NO,Provide controlled fixtures and execute the full capability chain in PASS B runtime continuation.,"Static candidates exist, but the complete V1 chain was not exercised."
CAP-035,Identity,AdminUsersPage,V1_STUB,STATIC_EVIDENCE_ONLY,V1_STUB,Empty 0-byte file,app/admin/users-admin-client.tsx; lib/amrs/profiles.ts; lib/amrs/workspace-profile-api.ts; lib/amrs/contracts/profile-strength.ts,"Runtime: /login=200, /register=200, unauthenticated /api/auth/me=401; no authenticated lifecycle tested.",P4,NO,Retain evidence and regression-test.,V1 evidence identifies a zero-byte/idea-only feature.
CAP-036,Admin,AdminVerification,L4_END_TO_END_WIRED,STATIC_EVIDENCE_ONLY,NEEDS_RUNTIME_PROOF,AdminVerification.tsx:197,lib/db/verification.ts; lib/amrs/verification.ts; lib/auth/verification.ts; lib/auth/verification-actions.ts,Runtime: admin endpoints reject unauthenticated requests; no authorized admin session was available.,P1,NO,Provide controlled fixtures and execute the full capability chain in PASS B runtime continuation.,"Static candidates exist, but the complete V1 chain was not exercised."
CAP-037,UX,About,L1_UI_ONLY,STATIC_EVIDENCE_ONLY,NEEDS_RUNTIME_PROOF,About.tsx:283,app/about/page.tsx; src/data/translations.ts; app/providers/[id]/page.tsx; src/constants/advertising.ts,"Runtime public routes /, /properties, /services, /auctions, /tools, /offices returned 200; no full visual/device matrix was run in PASS B.",P2,NO,Provide controlled fixtures and execute the full capability chain in PASS B runtime continuation.,"Static candidates exist, but the complete V1 chain was not exercised."
CAP-038,Ads,Advertise,L1_UI_ONLY,STATIC_EVIDENCE_ONLY,NEEDS_RUNTIME_PROOF,Advertise.tsx:373,src/types/advertiser.ts; app/admin/advertisers/advertiser-admin-client.tsx; app/admin/advertisers/_components/NewAdvertiserForm.tsx; app/admin/advertisers/_components/EditAdvertiserForm.tsx,Runtime: POST /api/ads/match with global_header/home/SA returned 200 and a matched creative; legacy GET /api/advertising/match returned 500.,P1,NO,Provide controlled fixtures and execute the full capability chain in PASS B runtime continuation.,"Static candidates exist, but the complete V1 chain was not exercised."
CAP-039,Tools,ArchitecturalConsultant,L4_END_TO_END_WIRED,STATIC_EVIDENCE_ONLY,NEEDS_RUNTIME_PROOF,ArchitecturalConsultant.tsx:2384,lib/services/seed-marketplace.ts,Runtime: /tools=200; individual upload/process/download workflows were not executed.,P2,NO,Provide controlled fixtures and execute the full capability chain in PASS B runtime continuation.,"Static candidates exist, but the complete V1 chain was not exercised."
CAP-040,Services,ArtisanDashboard,L4_END_TO_END_WIRED,RUNTIME_CERTIFIED,PRESERVED,ArtisanDashboard.tsx:399,src/components/services/ServiceDashboardShell.tsx; app/dashboard/services/*; app/api/service-jobs/*,"PASS C.S.1B production 3014: Provider A received and advanced Direct Booking and RFQ jobs; Provider B access was 403; notifications were delivered.",P1,NO,Retain certification evidence and regression-test.,"Provider workspace and participant-separated job lifecycle are runtime-proven."
CAP-041,Auctions,AuctionDetail,L4_END_TO_END_WIRED,STATIC_EVIDENCE_ONLY,NEEDS_RUNTIME_PROOF,AuctionDetail.tsx:410,lib/db/schemas/auctions-schema.ts; lib/db/schemas/limited-auction-schema.ts; src/components/land/LandDetailClient.tsx; lib/db/schemas/auction-hardening-schema.ts,Runtime: /auctions=200 and /api/auctions?limit=1=200 with zero rows; bidding/closing/contract lifecycle not executable without fixtures.,P1,NO,Provide controlled fixtures and execute the full capability chain in PASS B runtime continuation.,"Static candidates exist, but the complete V1 chain was not exercised."
CAP-042,Auctions,AuctionFAQ,L1_UI_ONLY,STATIC_EVIDENCE_ONLY,NEEDS_RUNTIME_PROOF,AuctionFAQ.tsx:162,lib/db/schemas/auctions-schema.ts; lib/db/schemas/limited-auction-schema.ts; lib/db/schemas/auction-hardening-schema.ts; app/admin/auction-organizers/auction-organizers-client.tsx,Runtime: /auctions=200 and /api/auctions?limit=1=200 with zero rows; bidding/closing/contract lifecycle not executable without fixtures.,P1,NO,Provide controlled fixtures and execute the full capability chain in PASS B runtime continuation.,"Static candidates exist, but the complete V1 chain was not exercised."
CAP-043,Auctions,AuctionHistory,L3_PARTIAL_FLOW,STATIC_EVIDENCE_ONLY,NEEDS_RUNTIME_PROOF,AuctionHistory.tsx:173,lib/db/schemas/auctions-schema.ts; lib/db/schemas/limited-auction-schema.ts; lib/db/schemas/auction-hardening-schema.ts; app/admin/auction-organizers/auction-organizers-client.tsx,Runtime: /auctions=200 and /api/auctions?limit=1=200 with zero rows; bidding/closing/contract lifecycle not executable without fixtures.,P1,NO,Provide controlled fixtures and execute the full capability chain in PASS B runtime continuation.,"Static candidates exist, but the complete V1 chain was not exercised."
CAP-044,Auctions,Auctions,L3_PARTIAL_FLOW,STATIC_EVIDENCE_ONLY,NEEDS_RUNTIME_PROOF,Auctions.tsx:196,lib/db/schemas/auctions-schema.ts; app/auctions/page.tsx; lib/auctions/policy.ts; app/api/auctions/route.ts,Runtime: /auctions=200 and /api/auctions?limit=1=200 with zero rows; bidding/closing/contract lifecycle not executable without fixtures.,P1,NO,Provide controlled fixtures and execute the full capability chain in PASS B runtime continuation.,"Static candidates exist, but the complete V1 chain was not exercised."
CAP-045,Auctions,AuctionStats,L3_PARTIAL_FLOW,STATIC_EVIDENCE_ONLY,NEEDS_RUNTIME_PROOF,AuctionStats.tsx:183,lib/db/schemas/auctions-schema.ts; lib/db/schemas/limited-auction-schema.ts; lib/db/schemas/auction-hardening-schema.ts; app/admin/auction-organizers/auction-organizers-client.tsx,Runtime: /auctions=200 and /api/auctions?limit=1=200 with zero rows; bidding/closing/contract lifecycle not executable without fixtures.,P1,NO,Provide controlled fixtures and execute the full capability chain in PASS B runtime continuation.,"Static candidates exist, but the complete V1 chain was not exercised."
CAP-046,Auctions,AuctionTerms,L1_UI_ONLY,STATIC_EVIDENCE_ONLY,NEEDS_RUNTIME_PROOF,AuctionTerms.tsx:205,app/api/auctions/[id]/terms/route.ts; lib/db/schemas/auctions-schema.ts; lib/db/schemas/limited-auction-schema.ts; lib/db/schemas/auction-hardening-schema.ts,Runtime: /auctions=200 and /api/auctions?limit=1=200 with zero rows; bidding/closing/contract lifecycle not executable without fixtures.,P1,NO,Provide controlled fixtures and execute the full capability chain in PASS B runtime continuation.,"Static candidates exist, but the complete V1 chain was not exercised."
CAP-047,UX,Blog,L3_PARTIAL_FLOW,STATIC_EVIDENCE_ONLY,NEEDS_RUNTIME_PROOF,Blog.tsx:199,src/data/translations.ts,"Runtime public routes /, /properties, /services, /auctions, /tools, /offices returned 200; no full visual/device matrix was run in PASS B.",P2,NO,Provide controlled fixtures and execute the full capability chain in PASS B runtime continuation.,"Static candidates exist, but the complete V1 chain was not exercised."
CAP-048,UX,BlogPostDetail,L3_PARTIAL_FLOW,STATIC_EVIDENCE_ONLY,NEEDS_RUNTIME_PROOF,BlogPostDetail.tsx:257,src/components/land/LandDetailClient.tsx; app/admin/advertisers/_components/AdvertiserDetailView.tsx; app/api/community/topics/[id]/posts/route.ts; app/api/auth/login/route.ts,"Runtime public routes /, /properties, /services, /auctions, /tools, /offices returned 200; no full visual/device matrix was run in PASS B.",P2,NO,Provide controlled fixtures and execute the full capability chain in PASS B runtime continuation.,"Static candidates exist, but the complete V1 chain was not exercised."
CAP-049,Office Integration,BuyLicense,L4_END_TO_END_WIRED,STATIC_EVIDENCE_ONLY,NEEDS_RUNTIME_PROOF,BuyLicense.tsx:482,lib/db/schema.ts; app/services/page.tsx; lib/auctions/policy.ts; lib/amrs/verification.ts,"Runtime: unauthenticated /api/office/v1/sync=401; pairing, device auth, sync, stream, and retry require a provisioned device.",P1,NO,Provide controlled fixtures and execute the full capability chain in PASS B runtime continuation.,"Static candidates exist, but the complete V1 chain was not exercised."
CAP-050,UX,ConsultantDashboard,L1_UI_ONLY,STATIC_EVIDENCE_ONLY,NEEDS_RUNTIME_PROOF,ConsultantDashboard.tsx:463,app/admin/dashboard-admin-client.tsx; src/components/services/ServiceDashboardShell.tsx; app/dashboard/page.tsx; app/dashboard/office/page.tsx,"Runtime public routes /, /properties, /services, /auctions, /tools, /offices returned 200; no full visual/device matrix was run in PASS B.",P2,NO,Provide controlled fixtures and execute the full capability chain in PASS B runtime continuation.,"Static candidates exist, but the complete V1 chain was not exercised."
CAP-051,UX,Contact,L1_UI_ONLY,STATIC_EVIDENCE_ONLY,NEEDS_RUNTIME_PROOF,Contact.tsx:124,app/contact/page.tsx; app/api/contact/route.ts; lib/amrs/profiles.ts; lib/email/templates.ts,"Runtime public routes /, /properties, /services, /auctions, /tools, /offices returned 200; no full visual/device matrix was run in PASS B.",P2,NO,Provide controlled fixtures and execute the full capability chain in PASS B runtime continuation.,"Static candidates exist, but the complete V1 chain was not exercised."
CAP-052,Organizations,CreateCompany,L3_PARTIAL_FLOW,STATIC_EVIDENCE_ONLY,NEEDS_RUNTIME_PROOF,CreateCompany.tsx:97,lib/company-schema.ts; components/company/CompanyCard.tsx; src/components/company/CompanyWorkspaceShell.tsx; app/api/admin/companies/taxonomy/create/route.ts,Runtime: /offices=200 and /api/offices=200; authenticated organization lifecycle not tested.,P2,NO,Provide controlled fixtures and execute the full capability chain in PASS B runtime continuation.,"Static candidates exist, but the complete V1 chain was not exercised."
CAP-053,UX,Dashboard,L4_END_TO_END_WIRED,STATIC_EVIDENCE_ONLY,NEEDS_RUNTIME_PROOF,Dashboard.tsx:487,app/admin/dashboard-admin-client.tsx; src/components/services/ServiceDashboardShell.tsx; app/dashboard/page.tsx; app/dashboard/office/page.tsx,"Runtime public routes /, /properties, /services, /auctions, /tools, /offices returned 200; no full visual/device matrix was run in PASS B.",P2,NO,Provide controlled fixtures and execute the full capability chain in PASS B runtime continuation.,"Static candidates exist, but the complete V1 chain was not exercised."
CAP-054,Auctions,DashboardAuctions,L4_END_TO_END_WIRED,STATIC_EVIDENCE_ONLY,NEEDS_RUNTIME_PROOF,DashboardAuctions.tsx:264,app/dashboard/auctions/page.tsx; app/dashboard/auctions/new/page.tsx; lib/db/schemas/auctions-schema.ts; app/admin/dashboard-admin-client.tsx,Runtime: /auctions=200 and /api/auctions?limit=1=200 with zero rows; bidding/closing/contract lifecycle not executable without fixtures.,P1,NO,Provide controlled fixtures and execute the full capability chain in PASS B runtime continuation.,"Static candidates exist, but the complete V1 chain was not exercised."
CAP-055,Auctions,DashboardBids,L3_PARTIAL_FLOW,STATIC_EVIDENCE_ONLY,NEEDS_RUNTIME_PROOF,DashboardBids.tsx:194,app/admin/dashboard-admin-client.tsx; src/components/services/ServiceDashboardShell.tsx; app/dashboard/page.tsx; app/dashboard/office/page.tsx,Runtime: /auctions=200 and /api/auctions?limit=1=200 with zero rows; bidding/closing/contract lifecycle not executable without fixtures.,P1,NO,Provide controlled fixtures and execute the full capability chain in PASS B runtime continuation.,"Static candidates exist, but the complete V1 chain was not exercised."
CAP-056,UX,DashboardPage,V1_STUB,STATIC_EVIDENCE_ONLY,V1_STUB,Empty 0-byte file,app/admin/dashboard-admin-client.tsx; app/dashboard/office/profile/page.tsx; app/dashboard/company/profile/page.tsx; app/dashboard/services/provider-profile/page.tsx,"Runtime public routes /, /properties, /services, /auctions, /tools, /offices returned 200; no full visual/device matrix was run in PASS B.",P4,NO,Retain evidence and regression-test.,V1 evidence identifies a zero-byte/idea-only feature.
CAP-057,Identity,DashboardProfile,L3_PARTIAL_FLOW,STATIC_EVIDENCE_ONLY,NEEDS_RUNTIME_PROOF,DashboardProfile.tsx:194,app/dashboard/office/profile/page.tsx; app/dashboard/company/profile/page.tsx; app/dashboard/services/provider-profile/page.tsx; lib/amrs/profiles.ts,"Runtime: /login=200, /register=200, unauthenticated /api/auth/me=401; no authenticated lifecycle tested.",P1,NO,Provide controlled fixtures and execute the full capability chain in PASS B runtime continuation.,"Static candidates exist, but the complete V1 chain was not exercised."
CAP-058,Services,DashboardTenderBids,L3_PARTIAL_FLOW,RUNTIME_CERTIFIED,IMPROVED,DashboardTenderBids.tsx:94,app/dashboard/services/offers/*; app/api/service-offers/*,"PASS C.S.1B production 3014: matched provider created a real RFQ offer; another customer was denied; owning customer accepted it and created an RFQ order.",P1,NO,Retain certification evidence and regression-test.,"Canonical offers provide a complete authenticated bidding path beyond the V1 partial evidence."
CAP-059,Services,DashboardTenders,L4_END_TO_END_WIRED,RUNTIME_CERTIFIED,PRESERVED,DashboardTenders.tsx:126,app/dashboard/services/my-requests/*; app/dashboard/services/matched-requests/*; app/api/service-requests/*,"PASS C.S.1B production 3014: customer and provider RFQ workspaces completed the full publish/match/offer/order lifecycle.",P1,NO,Retain certification evidence and regression-test.,"Tender/RFQ dashboard behavior is preserved through the canonical request/offer workspaces."
CAP-060,Identity,DevLogin,L1_UI_ONLY,STATIC_EVIDENCE_ONLY,NEEDS_RUNTIME_PROOF,DevLogin.tsx:68,lib/security/dev-login.ts; lib/integration/device.ts; app/login/page.tsx; app/api/auth/login/route.ts,"Runtime: /login=200, /register=200, unauthenticated /api/auth/me=401; no authenticated lifecycle tested.",P1,NO,Provide controlled fixtures and execute the full capability chain in PASS B runtime continuation.,"Static candidates exist, but the complete V1 chain was not exercised."
CAP-061,Office Integration,Download,L3_PARTIAL_FLOW,STATIC_EVIDENCE_ONLY,NEEDS_RUNTIME_PROOF,Download.tsx:426,app/api/knowledge/[id]/download/route.ts; src/data/translations.ts; app/auctions/[id]/page.tsx; src/config/office-promo.ts,"Runtime: unauthenticated /api/office/v1/sync=401; pairing, device auth, sync, stream, and retry require a provisioned device.",P1,NO,Provide controlled fixtures and execute the full capability chain in PASS B runtime continuation.,"Static candidates exist, but the complete V1 chain was not exercised."
CAP-062,Properties,Estates,L3_PARTIAL_FLOW,NOT_ESTABLISHED,NEEDS_RUNTIME_PROOF,Estates.tsx:416,No reliable current equivalent located,"Runtime: /properties=200, GET /api/properties?limit=1=200, GET /api/properties/search?limit=1=200; authenticated mutations not tested.",P1,NO,Provide controlled fixtures and execute the full capability chain in PASS B runtime continuation.,No reliable equivalent was established; retained as unknown rather than declaring LOST without direct proof.
CAP-063,UX,FreeResources,L3_PARTIAL_FLOW,STATIC_EVIDENCE_ONLY,NEEDS_RUNTIME_PROOF,FreeResources.tsx:457,lib/news/rss.ts; lib/mysql-runtime.ts; src/types/sponsor.ts; lib/content-schema.ts,"Runtime public routes /, /properties, /services, /auctions, /tools, /offices returned 200; no full visual/device matrix was run in PASS B.",P2,NO,Provide controlled fixtures and execute the full capability chain in PASS B runtime continuation.,"Static candidates exist, but the complete V1 chain was not exercised."
CAP-064,UX,Home,L3_PARTIAL_FLOW,STATIC_EVIDENCE_ONLY,NEEDS_RUNTIME_PROOF,Home.tsx:186,src/components/home/HomeFeatured.tsx; src/components/home/HomeNewsBand.tsx; app/page.tsx; lib/i18n/core.ts,"Runtime public routes /, /properties, /services, /auctions, /tools, /offices returned 200; no full visual/device matrix was run in PASS B.",P2,NO,Provide controlled fixtures and execute the full capability chain in PASS B runtime continuation.,"Static candidates exist, but the complete V1 chain was not exercised."
CAP-065,Chat,InboxPage,L1_UI_ONLY,STATIC_EVIDENCE_ONLY,NEEDS_RUNTIME_PROOF,InboxPage.tsx:16,app/dashboard/services/inbox/page.tsx; src/config/sidebar.ts; app/dashboard/page.tsx; lib/services/marketplace.ts,Runtime: unauthenticated /api/messages=401; no two-user send/read/realtime test performed.,P1,NO,Provide controlled fixtures and execute the full capability chain in PASS B runtime continuation.,"Static candidates exist, but the complete V1 chain was not exercised."
CAP-066,Office Integration,InvestmentRadar,L3_PARTIAL_FLOW,STATIC_EVIDENCE_ONLY,NEEDS_RUNTIME_PROOF,InvestmentRadar.tsx:473,lib/integration/radar.ts; app/api/office/v1/radar/route.ts; app/dashboard/office/radar/page.tsx; lib/integration/db.ts,"Runtime: unauthenticated /api/office/v1/sync=401; pairing, device auth, sync, stream, and retry require a provisioned device.",P1,NO,Provide controlled fixtures and execute the full capability chain in PASS B runtime continuation.,"Static candidates exist, but the complete V1 chain was not exercised."
CAP-067,UX,JoinFounders,L4_END_TO_END_WIRED,STATIC_EVIDENCE_ONLY,NEEDS_RUNTIME_PROOF,JoinFounders.tsx:420,lib/cache.ts; lib/i18n/db.ts; src/utils/cn.ts; lib/ads/engine.ts,"Runtime public routes /, /properties, /services, /auctions, /tools, /offices returned 200; no full visual/device matrix was run in PASS B.",P2,NO,Provide controlled fixtures and execute the full capability chain in PASS B runtime continuation.,"Static candidates exist, but the complete V1 chain was not exercised."
CAP-068,Organizations,LandingCorporates,L1_UI_ONLY,NOT_ESTABLISHED,NEEDS_RUNTIME_PROOF,LandingCorporates.tsx:147,No reliable current equivalent located,Runtime: /offices=200 and /api/offices=200; authenticated organization lifecycle not tested.,P2,NO,Provide controlled fixtures and execute the full capability chain in PASS B runtime continuation.,No reliable equivalent was established; retained as unknown rather than declaring LOST without direct proof.
CAP-069,Organizations,LandingOffices,L1_UI_ONLY,STATIC_EVIDENCE_ONLY,NEEDS_RUNTIME_PROOF,LandingOffices.tsx:202,app/offices/page.tsx; app/api/offices/route.ts; app/offices/[id]/page.tsx; app/api/offices/[id]/route.ts,Runtime: /offices=200 and /api/offices=200; authenticated organization lifecycle not tested.,P2,NO,Provide controlled fixtures and execute the full capability chain in PASS B runtime continuation.,"Static candidates exist, but the complete V1 chain was not exercised."
CAP-070,Geography,LandingProfessionals,L1_UI_ONLY,STATIC_EVIDENCE_ONLY,NEEDS_RUNTIME_PROOF,LandingProfessionals.tsx:147,app/api/professionals/[id]/route.ts; app/api/docs/route.ts; app/services/page.tsx; app/directory/page.tsx,Runtime: GET /api/geo?type=countries=200; cross-platform propagation and smart-landing URL behavior not tested.,P2,NO,Provide controlled fixtures and execute the full capability chain in PASS B runtime continuation.,"Static candidates exist, but the complete V1 chain was not exercised."
CAP-071,Identity,Login,L1_UI_ONLY,STATIC_EVIDENCE_ONLY,NEEDS_RUNTIME_PROOF,Login.tsx:117,lib/security/dev-login.ts; app/login/page.tsx; app/api/auth/login/route.ts; app/page.tsx,"Runtime: /login=200, /register=200, unauthenticated /api/auth/me=401; no authenticated lifecycle tested.",P1,NO,Provide controlled fixtures and execute the full capability chain in PASS B runtime continuation.,"Static candidates exist, but the complete V1 chain was not exercised."
CAP-072,UX,MarketHistory,L3_PARTIAL_FLOW,STATIC_EVIDENCE_ONLY,NEEDS_RUNTIME_PROOF,MarketHistory.tsx:278,lib/services/marketplace.ts; lib/market/market-scope.ts; lib/services/seed-marketplace.ts; lib/services-marketplace-schema.ts,"Runtime public routes /, /properties, /services, /auctions, /tools, /offices returned 200; no full visual/device matrix was run in PASS B.",P2,NO,Provide controlled fixtures and execute the full capability chain in PASS B runtime continuation.,"Static candidates exist, but the complete V1 chain was not exercised."
CAP-073,Chat,Messages,L1_UI_ONLY,STATIC_EVIDENCE_ONLY,NEEDS_RUNTIME_PROOF,Messages.tsx:21,lib/db/schemas/messages-schema.ts; src/components/services/ThreadMessages.tsx; app/messages/page.tsx; app/api/messages/route.ts,Runtime: unauthenticated /api/messages=401; no two-user send/read/realtime test performed.,P1,NO,Provide controlled fixtures and execute the full capability chain in PASS B runtime continuation.,"Static candidates exist, but the complete V1 chain was not exercised."
CAP-074,Authorization,ModeratorPanel,L4_END_TO_END_WIRED,STATIC_EVIDENCE_ONLY,NEEDS_RUNTIME_PROOF,ModeratorPanel.tsx:148,src/components/cad/CadExportPanel.tsx; src/components/cad/CadLayersPanel.tsx; app/api/admin/moderators/route.ts; app/page.tsx,Runtime: unauthenticated /api/admin/stats=403 and /api/admin/roles=401; privileged positive path not tested.,P1,NO,Provide controlled fixtures and execute the full capability chain in PASS B runtime continuation.,"Static candidates exist, but the complete V1 chain was not exercised."
CAP-075,UX,MyCompanies,L3_PARTIAL_FLOW,STATIC_EVIDENCE_ONLY,NEEDS_RUNTIME_PROOF,MyCompanies.tsx:123,app/admin/companies/companies-admin-client.tsx; app/companies/page.tsx; app/api/companies/route.ts; app/companies/[id]/page.tsx,"Runtime public routes /, /properties, /services, /auctions, /tools, /offices returned 200; no full visual/device matrix was run in PASS B.",P2,NO,Provide controlled fixtures and execute the full capability chain in PASS B runtime continuation.,"Static candidates exist, but the complete V1 chain was not exercised."
CAP-076,Properties,MyPropertyRequests,L4_END_TO_END_WIRED,STATIC_EVIDENCE_ONLY,NEEDS_RUNTIME_PROOF,MyPropertyRequests.tsx:189,app/api/property-requests/route.ts; app/api/property-requests/[id]/offers/route.ts; app/dashboard/office/property-requests/page.tsx; app/dashboard/properties/property-requests/page.tsx,"Runtime: /properties=200, GET /api/properties?limit=1=200, GET /api/properties/search?limit=1=200; authenticated mutations not tested.",P1,NO,Provide controlled fixtures and execute the full capability chain in PASS B runtime continuation.,"Static candidates exist, but the complete V1 chain was not exercised."
CAP-077,Services,MyServiceDashboard,L4_END_TO_END_WIRED,RUNTIME_CERTIFIED,PRESERVED,MyServiceDashboard.tsx:475,app/dashboard/services/*; app/api/service-dashboard/counts/route.ts; app/api/service-notifications/route.ts,"PASS C.S.1B production 3014: customer/provider job lists, lifecycle actions, reviews and notifications were exercised with isolated authenticated roles.",P1,NO,Retain certification evidence and regression-test.,"Authenticated Services dashboard lifecycle is runtime-proven."
CAP-078,UX,not-found,L1_UI_ONLY,STATIC_EVIDENCE_ONLY,NEEDS_RUNTIME_PROOF,not-found.tsx:26,lib/integration/notifications.ts; src/components/public/cookie-notice.tsx; app/api/service-notifications/route.ts; app/api/office/v1/notifications/route.ts,"Runtime public routes /, /properties, /services, /auctions, /tools, /offices returned 200; no full visual/device matrix was run in PASS B.",P2,NO,Provide controlled fixtures and execute the full capability chain in PASS B runtime continuation.,"Static candidates exist, but the complete V1 chain was not exercised."
CAP-079,Organizations,OfficeDetail,L3_PARTIAL_FLOW,STATIC_EVIDENCE_ONLY,NEEDS_RUNTIME_PROOF,OfficeDetail.tsx:254,src/config/office-promo.ts; lib/integration/office-auth.ts; components/office/OfficeCard.tsx; src/components/land/LandDetailClient.tsx,Runtime: /offices=200 and /api/offices=200; authenticated organization lifecycle not tested.,P2,NO,Provide controlled fixtures and execute the full capability chain in PASS B runtime continuation.,"Static candidates exist, but the complete V1 chain was not exercised."
CAP-080,Organizations,OfficeRequests,L4_END_TO_END_WIRED,STATIC_EVIDENCE_ONLY,NEEDS_RUNTIME_PROOF,OfficeRequests.tsx:183,src/components/office/OfficeWorkspaceShell.tsx; app/dashboard/office/property-requests/page.tsx; src/config/office-promo.ts; lib/integration/office-auth.ts,Runtime: /offices=200 and /api/offices=200; authenticated organization lifecycle not tested.,P2,NO,Provide controlled fixtures and execute the full capability chain in PASS B runtime continuation.,"Static candidates exist, but the complete V1 chain was not exercised."
CAP-081,Organizations,Offices,L3_PARTIAL_FLOW,STATIC_EVIDENCE_ONLY,NEEDS_RUNTIME_PROOF,Offices.tsx:384,app/offices/page.tsx; app/api/offices/route.ts; app/offices/[id]/page.tsx; app/api/offices/[id]/route.ts,Runtime: /offices=200 and /api/offices=200; authenticated organization lifecycle not tested.,P2,NO,Provide controlled fixtures and execute the full capability chain in PASS B runtime continuation.,"Static candidates exist, but the complete V1 chain was not exercised."
CAP-082,Services,OtherServices,L3_PARTIAL_FLOW,RUNTIME_CERTIFIED,IMPROVED,OtherServices.tsx:234,app/api/services/listings/*; lib/services/core.ts; lib/services/public-dto.ts,"PASS C.S.1B production 3014: approved provider created an active listing; profession/location filtering and public collection/detail privacy both passed.",P1,NO,Retain certification evidence and regression-test.,"Directory/listing behavior is database-backed and public responses are allowlisted."
CAP-083,Organizations,PartnerDashboard,L4_END_TO_END_WIRED,STATIC_EVIDENCE_ONLY,NEEDS_RUNTIME_PROOF,PartnerDashboard.tsx:507,app/admin/dashboard-admin-client.tsx; src/components/services/ServiceDashboardShell.tsx; app/dashboard/page.tsx; app/dashboard/office/page.tsx,Runtime: /offices=200 and /api/offices=200; authenticated organization lifecycle not tested.,P2,NO,Provide controlled fixtures and execute the full capability chain in PASS B runtime continuation.,"Static candidates exist, but the complete V1 chain was not exercised."
CAP-084,Organizations,PartnerPortal,L1_UI_ONLY,NOT_ESTABLISHED,NEEDS_RUNTIME_PROOF,PartnerPortal.tsx:117,No reliable current equivalent located,Runtime: /offices=200 and /api/offices=200; authenticated organization lifecycle not tested.,P2,NO,Provide controlled fixtures and execute the full capability chain in PASS B runtime continuation.,No reliable equivalent was established; retained as unknown rather than declaring LOST without direct proof.
CAP-085,UX,PaymentReturn,L3_PARTIAL_FLOW,STATIC_EVIDENCE_ONLY,NEEDS_RUNTIME_PROOF,PaymentReturn.tsx:95,lib/security/headers.ts; components/alerts/SecurityAlert.tsx; app/page.tsx; lib/cache.ts,"Runtime public routes /, /properties, /services, /auctions, /tools, /offices returned 200; no full visual/device matrix was run in PASS B.",P2,NO,Provide controlled fixtures and execute the full capability chain in PASS B runtime continuation.,"Static candidates exist, but the complete V1 chain was not exercised."
CAP-086,Membership,Pricing,L3_PARTIAL_FLOW,STATIC_EVIDENCE_ONLY,NEEDS_RUNTIME_PROOF,Pricing.tsx:331,src/content/legal-center.ts; app/providers/apply/page.tsx; lib/market/country-registry.ts; lib/market/currency-registry.ts,No authenticated plan/promo/license lifecycle test performed.,P2,NO,Provide controlled fixtures and execute the full capability chain in PASS B runtime continuation.,"Static candidates exist, but the complete V1 chain was not exercised."
CAP-087,Membership,PricingComingSoon,L1_UI_ONLY,STATIC_EVIDENCE_ONLY,NEEDS_RUNTIME_PROOF,PricingComingSoon.tsx:68,src/data/translations.ts; src/components/tools/ToolCard.tsx; src/content/legal-center.ts; app/providers/apply/page.tsx,No authenticated plan/promo/license lifecycle test performed.,P2,NO,Provide controlled fixtures and execute the full capability chain in PASS B runtime continuation.,"Static candidates exist, but the complete V1 chain was not exercised."
CAP-088,UX,Privacy,L1_UI_ONLY,STATIC_EVIDENCE_ONLY,NEEDS_RUNTIME_PROOF,Privacy.tsx:195,app/privacy/page.tsx; app/register/page.tsx; src/data/translations.ts; src/content/legal-center.ts,"Runtime public routes /, /properties, /services, /auctions, /tools, /offices returned 200; no full visual/device matrix was run in PASS B.",P2,NO,Provide controlled fixtures and execute the full capability chain in PASS B runtime continuation.,"Static candidates exist, but the complete V1 chain was not exercised."
CAP-089,Identity,Profile,L3_PARTIAL_FLOW,STATIC_EVIDENCE_ONLY,NEEDS_RUNTIME_PROOF,Profile.tsx:960,lib/amrs/profiles.ts; lib/amrs/workspace-profile-api.ts; lib/amrs/contracts/profile-strength.ts; src/components/public/organization-profile-page.tsx,"Runtime: /login=200, /register=200, unauthenticated /api/auth/me=401; no authenticated lifecycle tested.",P1,NO,Provide controlled fixtures and execute the full capability chain in PASS B runtime continuation.,"Static candidates exist, but the complete V1 chain was not exercised."
CAP-090,Identity,ProfilePage,L3_PARTIAL_FLOW,STATIC_EVIDENCE_ONLY,NEEDS_RUNTIME_PROOF,ProfilePage.tsx:197,lib/amrs/profiles.ts; lib/amrs/workspace-profile-api.ts; lib/amrs/contracts/profile-strength.ts; src/components/public/organization-profile-page.tsx,"Runtime: /login=200, /register=200, unauthenticated /api/auth/me=401; no authenticated lifecycle tested.",P1,NO,Provide controlled fixtures and execute the full capability chain in PASS B runtime continuation.,"Static candidates exist, but the complete V1 chain was not exercised."
CAP-091,Identity,ProjectVerify,L4_END_TO_END_WIRED,STATIC_EVIDENCE_ONLY,NEEDS_RUNTIME_PROOF,ProjectVerify.tsx:235,lib/land/storage/project-storage.ts; app/verify-otp/page.tsx; app/verify-email/page.tsx; app/api/auth/verify/route.ts,"Runtime: /login=200, /register=200, unauthenticated /api/auth/me=401; no authenticated lifecycle tested.",P1,NO,Provide controlled fixtures and execute the full capability chain in PASS B runtime continuation.,"Static candidates exist, but the complete V1 chain was not exercised."
CAP-092,Properties,Properties,L4_END_TO_END_WIRED,STATIC_EVIDENCE_ONLY,NEEDS_RUNTIME_PROOF,Properties.tsx:1732,hooks/useProperties.ts; lib/properties-format.ts; lib/properties-schema.ts; src/data/demo-properties.ts,"Runtime: /properties=200, GET /api/properties?limit=1=200, GET /api/properties/search?limit=1=200; authenticated mutations not tested.",P1,NO,Provide controlled fixtures and execute the full capability chain in PASS B runtime continuation.,"Static candidates exist, but the complete V1 chain was not exercised."
CAP-093,Properties,PropertyDetail,L4_END_TO_END_WIRED,STATIC_EVIDENCE_ONLY,NEEDS_RUNTIME_PROOF,PropertyDetail.tsx:770,hooks/useProperty.ts; lib/validators/property-validators.ts; components/properties/PropertyCard.tsx; components/properties/PropertyForm.tsx,"Runtime: /properties=200, GET /api/properties?limit=1=200, GET /api/properties/search?limit=1=200; authenticated mutations not tested.",P1,NO,Provide controlled fixtures and execute the full capability chain in PASS B runtime continuation.,"Static candidates exist, but the complete V1 chain was not exercised."
CAP-094,Identity,Register,L4_END_TO_END_WIRED,STATIC_EVIDENCE_ONLY,NEEDS_RUNTIME_PROOF,Register.tsx:812,app/register/page.tsx; app/api/auth/register/route.ts; app/page.tsx; src/types/site.ts,"Runtime: /login=200, /register=200, unauthenticated /api/auth/me=401; no authenticated lifecycle tested.",P1,NO,Provide controlled fixtures and execute the full capability chain in PASS B runtime continuation.,"Static candidates exist, but the complete V1 chain was not exercised."
CAP-095,Identity,ResetPassword,L3_PARTIAL_FLOW,STATIC_EVIDENCE_ONLY,NEEDS_RUNTIME_PROOF,ResetPassword.tsx:122,app/reset-password/page.tsx; app/api/auth/reset-password/route.ts; lib/auth/password.ts; src/components/ui/PasswordInput.tsx,"Runtime: /login=200, /register=200, unauthenticated /api/auth/me=401; no authenticated lifecycle tested.",P1,NO,Provide controlled fixtures and execute the full capability chain in PASS B runtime continuation.,"Static candidates exist, but the complete V1 chain was not exercised."
CAP-096,Services,ServiceDetail,L3_PARTIAL_FLOW,RUNTIME_CERTIFIED,IMPROVED,ServiceDetail.tsx:182,app/providers/[id]/page.tsx; app/api/service-providers/[id]/route.ts; app/service-bookings/new/page.tsx,"PASS C.S.1B browser 3014: approved profile rendered booking/RFQ choices, rating and service price; private provider contact/coordinates were absent from public JSON.",P1,NO,Retain certification evidence and regression-test.,"Current detail UI is connected to safe canonical data and both service paths."
CAP-097,Services,ServiceHub,L4_END_TO_END_WIRED,RUNTIME_CERTIFIED,IMPROVED,ServiceHub.tsx:2530,app/services/page.tsx; app/providers/*; app/service-bookings/*; app/service-requests/*; app/dashboard/services/*,"PASS C.S.1B production 3014: provider approval/search/visibility, Direct Booking, RFQ, jobs, completion, reviews and notifications all passed end to end.",P1,NO,Retain certification evidence and regression-test.,"The current hub is fully connected and adds privacy DTOs, role isolation and price snapshots."
CAP-098,Services,ServiceHubPage,V1_STUB,RUNTIME_CERTIFIED,IMPROVED,ServiceHubPage.tsx — empty 0-byte file,app/services/page.tsx; app/providers/page.tsx; app/services/catalog/*,"PASS C.S.1B browser and production runtime 3014 rendered the marketplace, provider directory, booking/RFQ choices and complete service data with zero browser console errors.",P4,NO,Retain certification evidence and regression-test.,"The current product replaces the V1 zero-byte stub with a working marketplace surface."
CAP-099,UX,Software,L1_UI_ONLY,STATIC_EVIDENCE_ONLY,NEEDS_RUNTIME_PROOF,Software.tsx:175,src/data/translations.ts; app/knowledge/new/page.tsx; src/constants/advertising.ts; src/content/public-destinations.ts,"Runtime public routes /, /properties, /services, /auctions, /tools, /offices returned 200; no full visual/device matrix was run in PASS B.",P2,NO,Provide controlled fixtures and execute the full capability chain in PASS B runtime continuation.,"Static candidates exist, but the complete V1 chain was not exercised."
CAP-100,Properties,SubmitProperty,L4_END_TO_END_WIRED,STATIC_EVIDENCE_ONLY,NEEDS_RUNTIME_PROOF,SubmitProperty.tsx:552,components/properties/PropertyForm.tsx; components/properties/PropertyFormWithOffers.tsx; hooks/useProperty.ts; lib/validators/property-validators.ts,"Runtime: /properties=200, GET /api/properties?limit=1=200, GET /api/properties/search?limit=1=200; authenticated mutations not tested.",P1,NO,Provide controlled fixtures and execute the full capability chain in PASS B runtime continuation.,"Static candidates exist, but the complete V1 chain was not exercised."
CAP-101,UX,Subscribe,L4_END_TO_END_WIRED,NOT_ESTABLISHED,NEEDS_RUNTIME_PROOF,Subscribe.tsx:774,No reliable current equivalent located,"Runtime public routes /, /properties, /services, /auctions, /tools, /offices returned 200; no full visual/device matrix was run in PASS B.",P2,NO,Provide controlled fixtures and execute the full capability chain in PASS B runtime continuation.,No reliable equivalent was established; retained as unknown rather than declaring LOST without direct proof.
CAP-102,Services,SupplierDetail,L3_PARTIAL_FLOW,STATIC_EVIDENCE_ONLY,NEEDS_RUNTIME_PROOF,SupplierDetail.tsx:129,src/components/land/LandDetailClient.tsx; app/admin/advertisers/_components/AdvertiserDetailView.tsx; lib/db/schema.ts; app/api/geo/route.ts,"Runtime: /services=200, /api/services/categories=200, /api/service-categories=200, /api/service-providers=200; lifecycle mutations not tested.",P1,NO,Provide controlled fixtures and execute the full capability chain in PASS B runtime continuation.,"Static candidates exist, but the complete V1 chain was not exercised."
CAP-103,Services,Suppliers,L3_PARTIAL_FLOW,STATIC_EVIDENCE_ONLY,NEEDS_RUNTIME_PROOF,Suppliers.tsx:230,src/content/legal-center.ts,"Runtime: /services=200, /api/services/categories=200, /api/service-categories=200, /api/service-providers=200; lifecycle mutations not tested.",P1,NO,Provide controlled fixtures and execute the full capability chain in PASS B runtime continuation.,"Static candidates exist, but the complete V1 chain was not exercised."
CAP-104,Chat,TechnicianInbox,L4_END_TO_END_WIRED,STATIC_EVIDENCE_ONLY,NEEDS_RUNTIME_PROOF,TechnicianInbox.tsx:745,app/dashboard/services/inbox/page.tsx; src/config/sidebar.ts; app/dashboard/page.tsx; lib/services/marketplace.ts,Runtime: unauthenticated /api/messages=401; no two-user send/read/realtime test performed.,P1,NO,Provide controlled fixtures and execute the full capability chain in PASS B runtime continuation.,"Static candidates exist, but the complete V1 chain was not exercised."
CAP-105,UX,TechnicianSettings,L3_PARTIAL_FLOW,STATIC_EVIDENCE_ONLY,NEEDS_RUNTIME_PROOF,TechnicianSettings.tsx:319,app/admin/settings-admin-client.tsx; app/admin/settings/page.tsx; app/api/service-marketplace-settings/route.ts; app/services/page.tsx,"Runtime public routes /, /properties, /services, /auctions, /tools, /offices returned 200; no full visual/device matrix was run in PASS B.",P2,NO,Provide controlled fixtures and execute the full capability chain in PASS B runtime continuation.,"Static candidates exist, but the complete V1 chain was not exercised."
CAP-106,Services,TenderCreate,L4_END_TO_END_WIRED,RUNTIME_CERTIFIED,PRESERVED,TenderCreate.tsx:134,app/service-requests/new/page.tsx; app/api/service-requests/route.ts; app/api/service-requests/[id]/publish/route.ts,"PASS C.S.1B production 3014: authenticated Customer A created and published an isolated RFQ with location, budget and currency.",P1,NO,Retain certification evidence and regression-test.,"RFQ creation and publication are runtime-proven."
CAP-107,Services,TenderDetail,L4_END_TO_END_WIRED,RUNTIME_CERTIFIED,PRESERVED,TenderDetail.tsx:318,app/service-requests/[id]/page.tsx; app/api/service-requests/[id]/route.ts; app/api/service-offers/*,"PASS C.S.1B production 3014: owning customer published/matched/selected the offer; Customer B was denied acceptance; resulting order completed.",P1,NO,Retain certification evidence and regression-test.,"Participant-separated RFQ detail and award flow are runtime-proven."
CAP-108,Services,Tenders,L3_PARTIAL_FLOW,RUNTIME_CERTIFIED,IMPROVED,Tenders.tsx:183,app/service-requests/*; app/dashboard/services/my-requests/*; app/dashboard/services/matched-requests/*,"PASS C.S.1B production 3014: canonical RFQ request/matching/offer/award/order/review lifecycle passed without synthetic Direct Booking rows.",P1,NO,Retain certification evidence and regression-test.,"Competitive RFQ lifecycle is now established and exceeds the V1 partial-flow evidence."
CAP-109,UX,Terms,L1_UI_ONLY,STATIC_EVIDENCE_ONLY,NEEDS_RUNTIME_PROOF,Terms.tsx:160,app/terms/page.tsx; app/api/auctions/[id]/terms/route.ts; app/register/page.tsx; lib/auctions/policy.ts,"Runtime public routes /, /properties, /services, /auctions, /tools, /offices returned 200; no full visual/device matrix was run in PASS B.",P2,NO,Provide controlled fixtures and execute the full capability chain in PASS B runtime continuation.,"Static candidates exist, but the complete V1 chain was not exercised."
CAP-110,Tools,Tools,L4_END_TO_END_WIRED,STATIC_EVIDENCE_ONLY,NEEDS_RUNTIME_PROOF,Tools.tsx:2034,src/data/toolsData.ts; src/components/tools/ToolsGate.tsx; src/components/tools/ToolSelectInput.tsx; src/components/tools/ToolsEmptyState.tsx,Runtime: /tools=200; individual upload/process/download workflows were not executed.,P2,NO,Provide controlled fixtures and execute the full capability chain in PASS B runtime continuation.,"Static candidates exist, but the complete V1 chain was not exercised."
CAP-111,Services,UpgradeToArtisan,L3_PARTIAL_FLOW,RUNTIME_CERTIFIED,IMPROVED,UpgradeToArtisan.tsx:164,app/providers/apply/page.tsx; app/api/service-providers/*; lib/services/identity.ts,"PASS C.S.1B production 3014: two base users created provider profiles/categories, submitted applications, were approved by Moderator and gained provider capabilities dynamically.",P1,NO,Retain certification evidence and regression-test.,"Provider onboarding/approval and capability elevation are fully runtime-proven."
CAP-112,Services,VehicleServices,L4_END_TO_END_WIRED,STATIC_EVIDENCE_ONLY,NEEDS_RUNTIME_PROOF,VehicleServices.tsx:1192,lib/services-schema.ts; src/lib/services-client.ts; lib/db/schemas/vehicle-schema.ts; lib/db/schemas/services-schema.ts,"Runtime: /services=200, /api/services/categories=200, /api/service-categories=200, /api/service-providers=200; lifecycle mutations not tested.",P1,NO,Provide controlled fixtures and execute the full capability chain in PASS B runtime continuation.,"Static candidates exist, but the complete V1 chain was not exercised."
CAP-113,Notifications,VerifyEmail,L3_PARTIAL_FLOW,STATIC_EVIDENCE_ONLY,NEEDS_RUNTIME_PROOF,VerifyEmail.tsx:76,lib/email.ts; app/verify-email/page.tsx; app/api/auth/verify-email/route.ts; app/api/auth/verify-email/resend/route.ts,Service notification routes exist; no authenticated delivery/read/bulk-read runtime test performed.,P2,NO,Provide controlled fixtures and execute the full capability chain in PASS B runtime continuation.,"Static candidates exist, but the complete V1 chain was not exercised."
CAP-114,Office Integration,VerifyLicense,L3_PARTIAL_FLOW,STATIC_EVIDENCE_ONLY,NEEDS_RUNTIME_PROOF,VerifyLicense.tsx:150,app/verify-otp/page.tsx; app/verify-email/page.tsx; app/api/auth/verify/route.ts; app/api/auth/verify-otp/route.ts,"Runtime: unauthenticated /api/office/v1/sync=401; pairing, device auth, sync, stream, and retry require a provisioned device.",P1,NO,Provide controlled fixtures and execute the full capability chain in PASS B runtime continuation.,"Static candidates exist, but the complete V1 chain was not exercised."
CAP-115,UX,WriteBlog,L4_END_TO_END_WIRED,STATIC_EVIDENCE_ONLY,NEEDS_RUNTIME_PROOF,WriteBlog.tsx:139,src/data/translations.ts; lib/audit/audit.service.ts; src/lib/tools/points-to-dxf.ts; lib/services/currency-policy.ts,"Runtime public routes /, /properties, /services, /auctions, /tools, /offices returned 200; no full visual/device matrix was run in PASS B.",P2,NO,Provide controlled fixtures and execute the full capability chain in PASS B runtime continuation.,"Static candidates exist, but the complete V1 chain was not exercised."
CAP-116,Admin,AdminMarketers,L4_END_TO_END_WIRED,NOT_ESTABLISHED,NEEDS_RUNTIME_PROOF,marketer/AdminMarketers.tsx:287,No reliable current equivalent located,Runtime: admin endpoints reject unauthenticated requests; no authorized admin session was available.,P1,NO,Provide controlled fixtures and execute the full capability chain in PASS B runtime continuation.,No reliable equivalent was established; retained as unknown rather than declaring LOST without direct proof.
CAP-117,Ads,AdvertiserContracts,L4_END_TO_END_WIRED,STATIC_EVIDENCE_ONLY,NEEDS_RUNTIME_PROOF,marketer/AdvertiserContracts.tsx:120,lib/geo/contracts.ts; lib/land/contracts.ts; lib/news/contracts.ts; src/types/advertiser.ts,Runtime: POST /api/ads/match with global_header/home/SA returned 200 and a matched creative; legacy GET /api/advertising/match returned 500.,P1,NO,Provide controlled fixtures and execute the full capability chain in PASS B runtime continuation.,"Static candidates exist, but the complete V1 chain was not exercised."
CAP-118,Ads,AdvertiserProposals,L4_END_TO_END_WIRED,STATIC_EVIDENCE_ONLY,NEEDS_RUNTIME_PROOF,marketer/AdvertiserProposals.tsx:128,src/types/advertiser.ts; app/admin/advertisers/advertiser-admin-client.tsx; app/admin/advertisers/_components/NewAdvertiserForm.tsx; app/admin/advertisers/_components/EditAdvertiserForm.tsx,Runtime: POST /api/ads/match with global_header/home/SA returned 200 and a matched creative; legacy GET /api/advertising/match returned 500.,P1,NO,Provide controlled fixtures and execute the full capability chain in PASS B runtime continuation.,"Static candidates exist, but the complete V1 chain was not exercised."
CAP-119,Properties,AvailableProperties,L3_PARTIAL_FLOW,STATIC_EVIDENCE_ONLY,NEEDS_RUNTIME_PROOF,marketer/AvailableProperties.tsx:141,hooks/useProperties.ts; lib/properties-format.ts; lib/properties-schema.ts; src/data/demo-properties.ts,"Runtime: /properties=200, GET /api/properties?limit=1=200, GET /api/properties/search?limit=1=200; authenticated mutations not tested.",P1,NO,Provide controlled fixtures and execute the full capability chain in PASS B runtime continuation.,"Static candidates exist, but the complete V1 chain was not exercised."
CAP-120,UX,MarketerContracts,L4_END_TO_END_WIRED,STATIC_EVIDENCE_ONLY,NEEDS_RUNTIME_PROOF,marketer/MarketerContracts.tsx:122,lib/geo/contracts.ts; lib/land/contracts.ts; lib/news/contracts.ts; lib/land/intelligence/contracts.ts,"Runtime public routes /, /properties, /services, /auctions, /tools, /offices returned 200; no full visual/device matrix was run in PASS B.",P2,NO,Provide controlled fixtures and execute the full capability chain in PASS B runtime continuation.,"Static candidates exist, but the complete V1 chain was not exercised."
CAP-121,Identity,MarketerProfile,L3_PARTIAL_FLOW,STATIC_EVIDENCE_ONLY,NEEDS_RUNTIME_PROOF,marketer/MarketerProfile.tsx:155,lib/amrs/profiles.ts; lib/amrs/workspace-profile-api.ts; lib/amrs/contracts/profile-strength.ts; src/components/public/organization-profile-page.tsx,"Runtime: /login=200, /register=200, unauthenticated /api/auth/me=401; no authenticated lifecycle tested.",P1,NO,Provide controlled fixtures and execute the full capability chain in PASS B runtime continuation.,"Static candidates exist, but the complete V1 chain was not exercised."
CAP-122,UX,MarketerProposals,L3_PARTIAL_FLOW,NOT_ESTABLISHED,NEEDS_RUNTIME_PROOF,marketer/MarketerProposals.tsx:84,No reliable current equivalent located,"Runtime public routes /, /properties, /services, /auctions, /tools, /offices returned 200; no full visual/device matrix was run in PASS B.",P2,NO,Provide controlled fixtures and execute the full capability chain in PASS B runtime continuation.,No reliable equivalent was established; retained as unknown rather than declaring LOST without direct proof.
CAP-123,Identity,MarketerRegister,L4_END_TO_END_WIRED,STATIC_EVIDENCE_ONLY,NEEDS_RUNTIME_PROOF,marketer/MarketerRegister.tsx:222,app/register/page.tsx; app/api/auth/register/route.ts; app/page.tsx; src/types/site.ts,"Runtime: /login=200, /register=200, unauthenticated /api/auth/me=401; no authenticated lifecycle tested.",P1,NO,Provide controlled fixtures and execute the full capability chain in PASS B runtime continuation.,"Static candidates exist, but the complete V1 chain was not exercised."
CAP-124,Geography,SmartLanding,L4_END_TO_END_WIRED,STATIC_EVIDENCE_ONLY,NEEDS_RUNTIME_PROOF,useSmartLanding.ts:190,hooks/useProperty.ts; hooks/useFavorites.ts; hooks/useProperties.ts; src/hooks/useViewer.ts,Runtime: GET /api/geo?type=countries=200; cross-platform propagation and smart-landing URL behavior not tested.,P2,NO,Provide controlled fixtures and execute the full capability chain in PASS B runtime continuation.,"Static candidates exist, but the complete V1 chain was not exercised."
CAP-125,Authorization,SmartLandingBanner,L4_END_TO_END_WIRED,STATIC_EVIDENCE_ONLY,NEEDS_RUNTIME_PROOF,SmartLandingBanner.tsx:279,src/data/translations.ts; src/constants/advertising.ts; lib/services/seed-marketplace.ts; src/components/AdRequestDialog.tsx,Runtime: unauthenticated /api/admin/stats=403 and /api/admin/roles=401; privileged positive path not tested.,P1,NO,Provide controlled fixtures and execute the full capability chain in PASS B runtime continuation.,"Static candidates exist, but the complete V1 chain was not exercised."
CAP-126,Authorization,GeoAdBanner,L4_END_TO_END_WIRED,STATIC_EVIDENCE_ONLY,NEEDS_RUNTIME_PROOF,GeoAdBanner.tsx:135,lib/ads/geo.ts; lib/geo/geometry.ts; lib/geo/geocoding.ts; src/contexts/GeoContext.tsx,Runtime: unauthenticated /api/admin/stats=403 and /api/admin/roles=401; privileged positive path not tested.,P1,NO,Provide controlled fixtures and execute the full capability chain in PASS B runtime continuation.,"Static candidates exist, but the complete V1 chain was not exercised."
CAP-127,Chat,UnifiedInbox,L4_END_TO_END_WIRED,STATIC_EVIDENCE_ONLY,NEEDS_RUNTIME_PROOF,UnifiedInbox.tsx:516,app/dashboard/services/inbox/page.tsx; src/config/sidebar.ts; app/dashboard/page.tsx; lib/services/marketplace.ts,Runtime: unauthenticated /api/messages=401; no two-user send/read/realtime test performed.,P1,NO,Provide controlled fixtures and execute the full capability chain in PASS B runtime continuation.,"Static candidates exist, but the complete V1 chain was not exercised."
CAP-128,UX,AccountSwitcher,L4_END_TO_END_WIRED,STATIC_EVIDENCE_ONLY,NEEDS_RUNTIME_PROOF,AccountSwitcher.tsx:68,src/components/AccountDialog.tsx; src/components/public/CountrySwitcher.tsx; app/(account)/layout.tsx; app/account/profile/page.tsx,"Runtime public routes /, /properties, /services, /auctions, /tools, /offices returned 200; no full visual/device matrix was run in PASS B.",P2,NO,Provide controlled fixtures and execute the full capability chain in PASS B runtime continuation.,"Static candidates exist, but the complete V1 chain was not exercised."
CAP-129,UX,EliteBadge,L2_DATA_MODEL_ONLY,STATIC_EVIDENCE_ONLY,NEEDS_RUNTIME_PROOF,EliteBadge.tsx:53,src/components/ui/Badge.tsx; src/components/shared/Badge.tsx; src/components/services/ServiceStatusBadges.tsx; app/page.tsx,"Runtime public routes /, /properties, /services, /auctions, /tools, /offices returned 200; no full visual/device matrix was run in PASS B.",P2,NO,Provide controlled fixtures and execute the full capability chain in PASS B runtime continuation.,"Static candidates exist, but the complete V1 chain was not exercised."
CAP-130,UX,InvestmentGauge,L4_END_TO_END_WIRED,STATIC_EVIDENCE_ONLY,NEEDS_RUNTIME_PROOF,InvestmentGauge.tsx:80,lib/db/schemas/offer-types-schema.ts,"Runtime public routes /, /properties, /services, /auctions, /tools, /offices returned 200; no full visual/device matrix was run in PASS B.",P2,NO,Provide controlled fixtures and execute the full capability chain in PASS B runtime continuation.,"Static candidates exist, but the complete V1 chain was not exercised."
CAP-131,Properties,PropertyFinanceTools,L4_END_TO_END_WIRED,STATIC_EVIDENCE_ONLY,NEEDS_RUNTIME_PROOF,PropertyFinanceTools.tsx:255,hooks/useProperty.ts; src/data/toolsData.ts; src/components/tools/ToolsGate.tsx; lib/validators/property-validators.ts,"Runtime: /properties=200, GET /api/properties?limit=1=200, GET /api/properties/search?limit=1=200; authenticated mutations not tested.",P1,NO,Provide controlled fixtures and execute the full capability chain in PASS B runtime continuation.,"Static candidates exist, but the complete V1 chain was not exercised."
CAP-132,Tools,MortgageCalculator,L4_END_TO_END_WIRED,STATIC_EVIDENCE_ONLY,NEEDS_RUNTIME_PROOF,MortgageCalculator.tsx:116,src/components/tools/Calculator.tsx; src/components/tools/AreaCalculator.tsx; src/components/tools/ToolCalculatorShell.tsx; lib/news/ingestion.ts,Runtime: /tools=200; individual upload/process/download workflows were not executed.,P2,NO,Provide controlled fixtures and execute the full capability chain in PASS B runtime continuation.,"Static candidates exist, but the complete V1 chain was not exercised."
CAP-133,UX,SaveSearchButton,L4_END_TO_END_WIRED,STATIC_EVIDENCE_ONLY,NEEDS_RUNTIME_PROOF,SaveSearchButton.tsx:116,app/dashboard/saved-searches/page.tsx; app/dashboard/properties/saved-searches/page.tsx; app/api/saved-searches/route.ts; app/api/saved-searches/[id]/route.ts,"Runtime public routes /, /properties, /services, /auctions, /tools, /offices returned 200; no full visual/device matrix was run in PASS B.",P2,NO,Provide controlled fixtures and execute the full capability chain in PASS B runtime continuation.,"Static candidates exist, but the complete V1 chain was not exercised."
CAP-134,UX,MapMyDeed,L4_END_TO_END_WIRED,STATIC_EVIDENCE_ONLY,NEEDS_RUNTIME_PROOF,MapMyDeed.tsx:595,src/components/tools/LandMapper.tsx; lib/auth/identity-map.ts; src/components/land/LandMap.tsx; app/tools/find-my-land/land-map.tsx,"Runtime public routes /, /properties, /services, /auctions, /tools, /offices returned 200; no full visual/device matrix was run in PASS B.",P2,NO,Provide controlled fixtures and execute the full capability chain in PASS B runtime continuation.,"Static candidates exist, but the complete V1 chain was not exercised."
CAP-135,UX,ShareButton,L4_END_TO_END_WIRED,STATIC_EVIDENCE_ONLY,NEEDS_RUNTIME_PROOF,ShareButton.tsx:70,src/components/shared/Button.tsx; lib/land/share.ts; src/components/ui/Button.tsx; src/components/services/StartThreadButton.tsx,"Runtime public routes /, /properties, /services, /auctions, /tools, /offices returned 200; no full visual/device matrix was run in PASS B.",P2,NO,Provide controlled fixtures and execute the full capability chain in PASS B runtime continuation.,"Static candidates exist, but the complete V1 chain was not exercised."
CAP-136,UX,ShareModal,L4_END_TO_END_WIRED,STATIC_EVIDENCE_ONLY,NEEDS_RUNTIME_PROOF,ShareModal.tsx:131,src/components/shared/Modal.tsx; lib/land/share.ts; src/components/shared/Card.tsx; src/components/shared/Badge.tsx,"Runtime public routes /, /properties, /services, /auctions, /tools, /offices returned 200; no full visual/device matrix was run in PASS B.",P2,NO,Provide controlled fixtures and execute the full capability chain in PASS B runtime continuation.,"Static candidates exist, but the complete V1 chain was not exercised."
CAP-137,Chat,ChatApp,L4_END_TO_END_WIRED,STATIC_EVIDENCE_ONLY,NEEDS_RUNTIME_PROOF,ChatApp (via ChatContext),src/components/tools/LandMapper.tsx; src/components/public/office-app-promotion.tsx; app/services/page.tsx; app/providers/[id]/page.tsx,Runtime: unauthenticated /api/messages=401; no two-user send/read/realtime test performed.,P1,NO,Provide controlled fixtures and execute the full capability chain in PASS B runtime continuation.,"Static candidates exist, but the complete V1 chain was not exercised."
CAP-138,UX,BOQEngine,L4_END_TO_END_WIRED,NOT_ESTABLISHED,LOST,BOQEngine.tsx:643,No reliable current equivalent located,"Runtime public routes /, /properties, /services, /auctions, /tools, /offices returned 200; no full visual/device matrix was run in PASS B.",P1,NO,Restore or formally defer in PASS C.,No current BOQEngine implementation was found.
CAP-139,UX,DrawingEngine,L4_END_TO_END_WIRED,STATIC_EVIDENCE_ONLY,NEEDS_RUNTIME_PROOF,DrawingEngine.tsx:713,lib/ads/engine.ts; lib/land/ocr/ocr-engine.ts; lib/land/core/land-engine.ts; src/lib/tools/engineering.ts,"Runtime public routes /, /properties, /services, /auctions, /tools, /offices returned 200; no full visual/device matrix was run in PASS B.",P2,NO,Provide controlled fixtures and execute the full capability chain in PASS B runtime continuation.,"Static candidates exist, but the complete V1 chain was not exercised."
CAP-140,UX,PriceManager,L4_END_TO_END_WIRED,STATIC_EVIDENCE_ONLY,NEEDS_RUNTIME_PROOF,PriceManager.tsx:401,src/components/public/PwaManager.tsx; app/api/property-requests/[id]/offers/route.ts; lib/ad-schema.ts; lib/ads/admin.ts,"Runtime public routes /, /properties, /services, /auctions, /tools, /offices returned 200; no full visual/device matrix was run in PASS B.",P2,NO,Provide controlled fixtures and execute the full capability chain in PASS B runtime continuation.,"Static candidates exist, but the complete V1 chain was not exercised."
CAP-141,UX,ConsultantValidationEngine,L4_END_TO_END_WIRED,STATIC_EVIDENCE_ONLY,NEEDS_RUNTIME_PROOF,ConsultantValidationEngine.tsx:822,lib/ads/engine.ts; src/lib/cad/validation.ts; lib/land/ocr/ocr-engine.ts; lib/land/core/land-engine.ts,"Runtime public routes /, /properties, /services, /auctions, /tools, /offices returned 200; no full visual/device matrix was run in PASS B.",P2,NO,Provide controlled fixtures and execute the full capability chain in PASS B runtime continuation.,"Static candidates exist, but the complete V1 chain was not exercised."
CAP-142,Geography,ClimateGeoEngine,L4_END_TO_END_WIRED,STATIC_EVIDENCE_ONLY,NEEDS_RUNTIME_PROOF,ClimateGeoEngine.tsx:748,lib/ads/engine.ts; lib/ads/geo.ts; lib/geo/geometry.ts; lib/geo/geocoding.ts,Runtime: GET /api/geo?type=countries=200; cross-platform propagation and smart-landing URL behavior not tested.,P2,NO,Provide controlled fixtures and execute the full capability chain in PASS B runtime continuation.,"Static candidates exist, but the complete V1 chain was not exercised."
CAP-143,UX,SeismicProtectionEngine,L4_END_TO_END_WIRED,STATIC_EVIDENCE_ONLY,NEEDS_RUNTIME_PROOF,SeismicProtectionEngine.tsx:574,lib/ads/engine.ts; lib/land/ocr/ocr-engine.ts; lib/land/core/land-engine.ts; src/lib/tools/engineering.ts,"Runtime public routes /, /properties, /services, /auctions, /tools, /offices returned 200; no full visual/device matrix was run in PASS B.",P2,NO,Provide controlled fixtures and execute the full capability chain in PASS B runtime continuation.,"Static candidates exist, but the complete V1 chain was not exercised."
CAP-144,UX,RetailMallEngine,L4_END_TO_END_WIRED,STATIC_EVIDENCE_ONLY,NEEDS_RUNTIME_PROOF,RetailMallEngine.tsx:789,lib/ads/engine.ts; lib/land/ocr/ocr-engine.ts; lib/land/core/land-engine.ts; src/lib/tools/engineering.ts,"Runtime public routes /, /properties, /services, /auctions, /tools, /offices returned 200; no full visual/device matrix was run in PASS B.",P2,NO,Provide controlled fixtures and execute the full capability chain in PASS B runtime continuation.,"Static candidates exist, but the complete V1 chain was not exercised."
CAP-145,UX,MedSpecialtyEngine,L4_END_TO_END_WIRED,STATIC_EVIDENCE_ONLY,NEEDS_RUNTIME_PROOF,MedSpecialtyEngine.tsx:655,lib/ads/engine.ts; lib/land/ocr/ocr-engine.ts; lib/land/core/land-engine.ts; src/lib/tools/engineering.ts,"Runtime public routes /, /properties, /services, /auctions, /tools, /offices returned 200; no full visual/device matrix was run in PASS B.",P2,NO,Provide controlled fixtures and execute the full capability chain in PASS B runtime continuation.,"Static candidates exist, but the complete V1 chain was not exercised."
CAP-146,UX,InstitutionalSovereignEngine,L4_END_TO_END_WIRED,STATIC_EVIDENCE_ONLY,NEEDS_RUNTIME_PROOF,InstitutionalSovereignEngine.tsx:634,lib/ads/engine.ts; lib/land/ocr/ocr-engine.ts; lib/land/core/land-engine.ts; src/lib/tools/engineering.ts,"Runtime public routes /, /properties, /services, /auctions, /tools, /offices returned 200; no full visual/device matrix was run in PASS B.",P2,NO,Provide controlled fixtures and execute the full capability chain in PASS B runtime continuation.,"Static candidates exist, but the complete V1 chain was not exercised."
CAP-147,Authorization,BankingSecurityEngine,L4_END_TO_END_WIRED,STATIC_EVIDENCE_ONLY,NEEDS_RUNTIME_PROOF,BankingSecurityEngine.tsx:569,lib/news/security.ts; lib/ads/engine.ts; lib/amrs/security.ts; lib/geo/security-gate.ts,Runtime: unauthenticated /api/admin/stats=403 and /api/admin/roles=401; privileged positive path not tested.,P1,NO,Provide controlled fixtures and execute the full capability chain in PASS B runtime continuation.,"Static candidates exist, but the complete V1 chain was not exercised."
CAP-148,UX,FireSafetyEngine,L4_END_TO_END_WIRED,STATIC_EVIDENCE_ONLY,NEEDS_RUNTIME_PROOF,FireSafetyEngine.tsx:483,lib/ads/engine.ts; lib/land/ocr/ocr-engine.ts; lib/land/core/land-engine.ts; src/lib/tools/engineering.ts,"Runtime public routes /, /properties, /services, /auctions, /tools, /offices returned 200; no full visual/device matrix was run in PASS B.",P2,NO,Provide controlled fixtures and execute the full capability chain in PASS B runtime continuation.,"Static candidates exist, but the complete V1 chain was not exercised."
CAP-149,Tools,AcademicSpecialtyEngine,L4_END_TO_END_WIRED,STATIC_EVIDENCE_ONLY,NEEDS_RUNTIME_PROOF,AcademicSpecialtyEngine.tsx:566,lib/ads/engine.ts; lib/land/ocr/ocr-engine.ts; lib/land/core/land-engine.ts; src/lib/tools/engineering.ts,Runtime: /tools=200; individual upload/process/download workflows were not executed.,P2,NO,Provide controlled fixtures and execute the full capability chain in PASS B runtime continuation.,"Static candidates exist, but the complete V1 chain was not exercised."
CAP-150,Tools,CADGeometryEngine,L4_END_TO_END_WIRED,STATIC_EVIDENCE_ONLY,NEEDS_RUNTIME_PROOF,CADGeometryEngine.ts:373,lib/ads/engine.ts; lib/land/ocr/ocr-engine.ts; lib/land/core/land-engine.ts; src/lib/tools/engineering.ts,Runtime: /tools=200; individual upload/process/download workflows were not executed.,P2,NO,Provide controlled fixtures and execute the full capability chain in PASS B runtime continuation.,"Static candidates exist, but the complete V1 chain was not exercised."
CAP-151,Tools,CADParser,L4_END_TO_END_WIRED,NOT_ESTABLISHED,REGRESSED,CADParser.ts:268,No reliable current equivalent located,Runtime: /tools=200; individual upload/process/download workflows were not executed.,P2,NO,Restore or formally defer in PASS C.,"Current CAD/DXF utilities exist, but the V1 parser surface was not found by name or equivalent proof."
CAP-152,UX,BIMViewer,L4_END_TO_END_WIRED,NOT_ESTABLISHED,LOST,BIMViewer.tsx:323,No reliable current equivalent located,"Runtime public routes /, /properties, /services, /auctions, /tools, /offices returned 200; no full visual/device matrix was run in PASS B.",P2,NO,Restore or formally defer in PASS C.,No current BIM viewer implementation found.
CAP-153,UX,Building3DVisualizer,L4_END_TO_END_WIRED,NOT_ESTABLISHED,LOST,Building3DVisualizer.tsx:227,No reliable current equivalent located,"Runtime public routes /, /properties, /services, /auctions, /tools, /offices returned 200; no full visual/device matrix was run in PASS B.",P2,NO,Restore or formally defer in PASS C.,No current V1 3D building visualizer evidence found.
CAP-154,Geography,LandGeometryModule,L4_END_TO_END_WIRED,STATIC_EVIDENCE_ONLY,NEEDS_RUNTIME_PROOF,LandGeometryModule.tsx:541,lib/land/intelligence/geometry-builder.ts; src/components/tools/FindMyLand.tsx; lib/geo/geometry.ts; lib/land/saved-land.ts,Runtime: GET /api/geo?type=countries=200; cross-platform propagation and smart-landing URL behavior not tested.,P2,NO,Provide controlled fixtures and execute the full capability chain in PASS B runtime continuation.,"Static candidates exist, but the complete V1 chain was not exercised."
CAP-155,UX,MosqueEngine,L4_END_TO_END_WIRED,STATIC_EVIDENCE_ONLY,NEEDS_RUNTIME_PROOF,MosqueEngine.tsx:374,lib/ads/engine.ts; lib/land/ocr/ocr-engine.ts; lib/land/core/land-engine.ts; src/lib/tools/engineering.ts,"Runtime public routes /, /properties, /services, /auctions, /tools, /offices returned 200; no full visual/device matrix was run in PASS B.",P2,NO,Provide controlled fixtures and execute the full capability chain in PASS B runtime continuation.,"Static candidates exist, but the complete V1 chain was not exercised."
CAP-156,UX,K12SchoolEngine,L4_END_TO_END_WIRED,STATIC_EVIDENCE_ONLY,NEEDS_RUNTIME_PROOF,K12SchoolEngine.tsx:339,lib/ads/engine.ts; lib/land/ocr/ocr-engine.ts; lib/land/core/land-engine.ts; src/lib/tools/engineering.ts,"Runtime public routes /, /properties, /services, /auctions, /tools, /offices returned 200; no full visual/device matrix was run in PASS B.",P2,NO,Provide controlled fixtures and execute the full capability chain in PASS B runtime continuation.,"Static candidates exist, but the complete V1 chain was not exercised."
CAP-157,UX,IndustrialEngine,L4_END_TO_END_WIRED,STATIC_EVIDENCE_ONLY,NEEDS_RUNTIME_PROOF,IndustrialEngine.tsx:356,lib/ads/engine.ts; lib/land/ocr/ocr-engine.ts; lib/land/core/land-engine.ts; src/lib/tools/engineering.ts,"Runtime public routes /, /properties, /services, /auctions, /tools, /offices returned 200; no full visual/device matrix was run in PASS B.",P2,NO,Provide controlled fixtures and execute the full capability chain in PASS B runtime continuation.,"Static candidates exist, but the complete V1 chain was not exercised."
CAP-158,UX,HighRiseStructuralEngine,L4_END_TO_END_WIRED,STATIC_EVIDENCE_ONLY,NEEDS_RUNTIME_PROOF,HighRiseStructuralEngine.tsx:394,lib/ads/engine.ts; lib/land/ocr/ocr-engine.ts; lib/land/core/land-engine.ts; src/lib/tools/engineering.ts,"Runtime public routes /, /properties, /services, /auctions, /tools, /offices returned 200; no full visual/device matrix was run in PASS B.",P2,NO,Provide controlled fixtures and execute the full capability chain in PASS B runtime continuation.,"Static candidates exist, but the complete V1 chain was not exercised."
CAP-159,UX,LandscapeIrrigationEngine,L4_END_TO_END_WIRED,STATIC_EVIDENCE_ONLY,NEEDS_RUNTIME_PROOF,LandscapeIrrigationEngine.tsx:354,lib/ads/engine.ts; lib/land/ocr/ocr-engine.ts; lib/land/core/land-engine.ts; src/lib/tools/engineering.ts,"Runtime public routes /, /properties, /services, /auctions, /tools, /offices returned 200; no full visual/device matrix was run in PASS B.",P2,NO,Provide controlled fixtures and execute the full capability chain in PASS B runtime continuation.,"Static candidates exist, but the complete V1 chain was not exercised."
CAP-160,UX,GlobalConfiguratorPanel,L4_END_TO_END_WIRED,STATIC_EVIDENCE_ONLY,NEEDS_RUNTIME_PROOF,GlobalConfiguratorPanel.tsx:722,src/components/cad/CadExportPanel.tsx; src/components/cad/CadLayersPanel.tsx; app/page.tsx; lib/db/schema.ts,"Runtime public routes /, /properties, /services, /auctions, /tools, /offices returned 200; no full visual/device matrix was run in PASS B.",P2,NO,Provide controlled fixtures and execute the full capability chain in PASS B runtime continuation.,"Static candidates exist, but the complete V1 chain was not exercised."
CAP-161,UX,StructuralConfigurator,L4_END_TO_END_WIRED,NOT_ESTABLISHED,LOST,StructuralConfigurator.tsx:327,No reliable current equivalent located,"Runtime public routes /, /properties, /services, /auctions, /tools, /offices returned 200; no full visual/device matrix was run in PASS B.",P2,NO,Restore or formally defer in PASS C.,No current equivalent found.
CAP-162,UX,MedicalGradeMEPEngine,L4_END_TO_END_WIRED,STATIC_EVIDENCE_ONLY,NEEDS_RUNTIME_PROOF,MedicalGradeMEPEngine.tsx:533,app/tools/[id]/page.tsx,"Runtime public routes /, /properties, /services, /auctions, /tools, /offices returned 200; no full visual/device matrix was run in PASS B.",P2,NO,Provide controlled fixtures and execute the full capability chain in PASS B runtime continuation.,"Static candidates exist, but the complete V1 chain was not exercised."
CAP-163,UX,MEPEngine,L4_END_TO_END_WIRED,NOT_ESTABLISHED,LOST,MEPEngine.tsx:281,No reliable current equivalent located,"Runtime public routes /, /properties, /services, /auctions, /tools, /offices returned 200; no full visual/device matrix was run in PASS B.",P2,NO,Restore or formally defer in PASS C.,No current equivalent found.
CAP-164,Membership,ResidentialFloorPlanDXF,L4_END_TO_END_WIRED,STATIC_EVIDENCE_ONLY,NEEDS_RUNTIME_PROOF,ResidentialFloorPlanDXF.ts:784,src/lib/cad/dxf-generator.ts; src/lib/tools/points-to-dxf.ts; src/components/tools/PointsToDxf.tsx; lib/mysql-runtime.ts,No authenticated plan/promo/license lifecycle test performed.,P2,NO,Provide controlled fixtures and execute the full capability chain in PASS B runtime continuation.,"Static candidates exist, but the complete V1 chain was not exercised."
CAP-165,UX,MEPLayoutEngine,L4_END_TO_END_WIRED,STATIC_EVIDENCE_ONLY,NEEDS_RUNTIME_PROOF,MEPLayoutEngine.ts:112,lib/ads/engine.ts; lib/land/ocr/ocr-engine.ts; lib/land/core/land-engine.ts; src/lib/tools/engineering.ts,"Runtime public routes /, /properties, /services, /auctions, /tools, /offices returned 200; no full visual/device matrix was run in PASS B.",P2,NO,Provide controlled fixtures and execute the full capability chain in PASS B runtime continuation.,"Static candidates exist, but the complete V1 chain was not exercised."
CAP-166,UX,SectionElevationEngine,L4_END_TO_END_WIRED,STATIC_EVIDENCE_ONLY,NEEDS_RUNTIME_PROOF,SectionElevationEngine.ts:199,lib/ads/engine.ts; lib/land/ocr/ocr-engine.ts; lib/land/core/land-engine.ts; src/lib/tools/engineering.ts,"Runtime public routes /, /properties, /services, /auctions, /tools, /offices returned 200; no full visual/device matrix was run in PASS B.",P2,NO,Provide controlled fixtures and execute the full capability chain in PASS B runtime continuation.,"Static candidates exist, but the complete V1 chain was not exercised."
CAP-167,Tools,DXFWriter,L4_END_TO_END_WIRED,NOT_ESTABLISHED,REGRESSED,DXFWriter.ts:121,No reliable current equivalent located,Runtime: /tools=200; individual upload/process/download workflows were not executed.,P2,NO,Restore or formally defer in PASS C.,"Current DXF generation exists, but V1 writer parity/output equivalence was not runtime-tested."
CAP-168,UX,ContractGenerator,L3_PARTIAL_FLOW,STATIC_EVIDENCE_ONLY,NEEDS_RUNTIME_PROOF,ContractGenerator.tsx:460,lib/geo/contracts.ts; lib/land/contracts.ts; lib/news/contracts.ts; src/lib/cad/dxf-generator.ts,"Runtime public routes /, /properties, /services, /auctions, /tools, /offices returned 200; no full visual/device matrix was run in PASS B.",P2,NO,Provide controlled fixtures and execute the full capability chain in PASS B runtime continuation.,"Static candidates exist, but the complete V1 chain was not exercised."
CAP-169,UX,ContractPackager,L3_PARTIAL_FLOW,STATIC_EVIDENCE_ONLY,NEEDS_RUNTIME_PROOF,ContractPackager.tsx:376,lib/geo/contracts.ts; lib/land/contracts.ts; lib/news/contracts.ts; lib/services/geo/geo-contract.ts,"Runtime public routes /, /properties, /services, /auctions, /tools, /offices returned 200; no full visual/device matrix was run in PASS B.",P2,NO,Provide controlled fixtures and execute the full capability chain in PASS B runtime continuation.,"Static candidates exist, but the complete V1 chain was not exercised."
CAP-170,Tools,BilingualPDFContract,L3_PARTIAL_FLOW,NOT_ESTABLISHED,NEEDS_RUNTIME_PROOF,BilingualPDFContract.tsx:388,No reliable current equivalent located,Runtime: /tools=200; individual upload/process/download workflows were not executed.,P2,NO,Provide controlled fixtures and execute the full capability chain in PASS B runtime continuation.,Current auction contract and PDF utilities exist; output parity needs fixtures.
CAP-171,Tools,ConsultantTitleBlockPDF,L3_PARTIAL_FLOW,STATIC_EVIDENCE_ONLY,NEEDS_RUNTIME_PROOF,ConsultantTitleBlockPDF.tsx:254,src/components/tools/PdfToWord.tsx; src/lib/tools/pdf-to-word-layout.ts; src/lib/cad/pdf-export.ts; app/tools/pdf2word/page.tsx,Runtime: /tools=200; individual upload/process/download workflows were not executed.,P2,NO,Provide controlled fixtures and execute the full capability chain in PASS B runtime continuation.,"Static candidates exist, but the complete V1 chain was not exercised."
CAP-172,UX,LayerMapper,L3_PARTIAL_FLOW,STATIC_EVIDENCE_ONLY,NEEDS_RUNTIME_PROOF,LayerMapper.tsx:315,src/components/tools/LandMapper.tsx; src/components/cad/CadLayersPanel.tsx; src/lib/cad/types.ts; lib/news/placements.ts,"Runtime public routes /, /properties, /services, /auctions, /tools, /offices returned 200; no full visual/device matrix was run in PASS B.",P2,NO,Provide controlled fixtures and execute the full capability chain in PASS B runtime continuation.,"Static candidates exist, but the complete V1 chain was not exercised."
CAP-173,UX,CostEstimator,L4_END_TO_END_WIRED,NOT_ESTABLISHED,NEEDS_RUNTIME_PROOF,CostEstimator.tsx:323,No reliable current equivalent located,"Runtime public routes /, /properties, /services, /auctions, /tools, /offices returned 200; no full visual/device matrix was run in PASS B.",P2,NO,Provide controlled fixtures and execute the full capability chain in PASS B runtime continuation.,No reliable equivalent was established; retained as unknown rather than declaring LOST without direct proof.
CAP-174,UX,ProjectEnginePassport,L1_UI_ONLY,STATIC_EVIDENCE_ONLY,NEEDS_RUNTIME_PROOF,ProjectEnginePassport.tsx:294,lib/ads/engine.ts; lib/land/ocr/ocr-engine.ts; lib/land/core/land-engine.ts; src/lib/tools/engineering.ts,"Runtime public routes /, /properties, /services, /auctions, /tools, /offices returned 200; no full visual/device matrix was run in PASS B.",P2,NO,Provide controlled fixtures and execute the full capability chain in PASS B runtime continuation.,"Static candidates exist, but the complete V1 chain was not exercised."
CAP-175,UX,SovereignEthicsShield,L1_UI_ONLY,STATIC_EVIDENCE_ONLY,NEEDS_RUNTIME_PROOF,SovereignEthicsShield.tsx:128,lib/market/country-registry.ts; lib/services/seed-marketplace.ts; components/alerts/SecurityAlert.tsx; src/components/services/ServiceCards.tsx,"Runtime public routes /, /properties, /services, /auctions, /tools, /offices returned 200; no full visual/device matrix was run in PASS B.",P2,NO,Provide controlled fixtures and execute the full capability chain in PASS B runtime continuation.,"Static candidates exist, but the complete V1 chain was not exercised."
CAP-176,Identity,UserPreferences,L2_DATA_MODEL_ONLY,STATIC_EVIDENCE_ONLY,NEEDS_RUNTIME_PROOF,UserPreferences.ts:182,hooks/useUserContext.ts; app/admin/users-admin-client.tsx; app/admin/users/page.tsx; app/api/user-context/route.ts,"Runtime: /login=200, /register=200, unauthenticated /api/auth/me=401; no authenticated lifecycle tested.",P1,NO,Provide controlled fixtures and execute the full capability chain in PASS B runtime continuation.,"Static candidates exist, but the complete V1 chain was not exercised."
CAP-177,Services,landAnalysisService,L4_END_TO_END_WIRED,STATIC_EVIDENCE_ONLY,NEEDS_RUNTIME_PROOF,landAnalysisService.ts:563,src/lib/tools/land-analysis.ts; src/components/tools/FindMyLand.tsx; src/components/tools/LandMapper.tsx; lib/land/saved-land.ts,"Runtime: /services=200, /api/services/categories=200, /api/service-categories=200, /api/service-providers=200; lifecycle mutations not tested.",P1,NO,Provide controlled fixtures and execute the full capability chain in PASS B runtime continuation.,"Static candidates exist, but the complete V1 chain was not exercised."
CAP-178,Tools,ocrProcessor,L4_END_TO_END_WIRED,STATIC_EVIDENCE_ONLY,NEEDS_RUNTIME_PROOF,ocrProcessor.ts:133,lib/land/ocr/ocr-engine.ts; lib/geo/contracts.ts; lib/geo/text-extraction.ts; app/api/land/analyze/route.ts,Runtime: /tools=200; individual upload/process/download workflows were not executed.,P2,NO,Provide controlled fixtures and execute the full capability chain in PASS B runtime continuation.,"Static candidates exist, but the complete V1 chain was not exercised."
CAP-179,Tools,onnxProcessor,L4_END_TO_END_WIRED,NOT_ESTABLISHED,REGRESSED,onnxProcessor.ts:136,No reliable current equivalent located,Runtime: /tools=200; individual upload/process/download workflows were not executed.,P2,NO,Restore or formally defer in PASS C.,Current land OCR/intelligence exists but no current ONNX processor evidence was found.
CAP-180,Services,dxfExportService,L4_END_TO_END_WIRED,STATIC_EVIDENCE_ONLY,NEEDS_RUNTIME_PROOF,dxfExportService.ts:209,src/lib/cad/dxf-generator.ts; src/lib/tools/points-to-dxf.ts; src/components/tools/PointsToDxf.tsx; src/components/cad/CadExportPanel.tsx,"Runtime: /services=200, /api/services/categories=200, /api/service-categories=200, /api/service-providers=200; lifecycle mutations not tested.",P1,NO,Provide controlled fixtures and execute the full capability chain in PASS B runtime continuation.,"Static candidates exist, but the complete V1 chain was not exercised."
CAP-181,UX,imagePreprocessor,L4_END_TO_END_WIRED,STATIC_EVIDENCE_ONLY,NEEDS_RUNTIME_PROOF,imagePreprocessor.ts:261,src/lib/cad/image-export.ts; app/page.tsx; app/layout.tsx; lib/ads/admin.ts,"Runtime public routes /, /properties, /services, /auctions, /tools, /offices returned 200; no full visual/device matrix was run in PASS B.",P2,NO,Provide controlled fixtures and execute the full capability chain in PASS B runtime continuation.,"Static candidates exist, but the complete V1 chain was not exercised."
CAP-182,Tools,pdfProcessor,L4_END_TO_END_WIRED,STATIC_EVIDENCE_ONLY,NEEDS_RUNTIME_PROOF,pdfProcessor.ts:51,src/lib/cad/pdf-export.ts; src/components/tools/PdfToWord.tsx; src/lib/tools/pdf-to-word-layout.ts; app/tools/pdf2word/page.tsx,Runtime: /tools=200; individual upload/process/download workflows were not executed.,P2,NO,Provide controlled fixtures and execute the full capability chain in PASS B runtime continuation.,"Static candidates exist, but the complete V1 chain was not exercised."
CAP-183,Chat,chatAdminService,L4_END_TO_END_WIRED,STATIC_EVIDENCE_ONLY,NEEDS_RUNTIME_PROOF,chatAdminService.ts:28,lib/services-marketplace-schema.ts,Runtime: unauthenticated /api/messages=401; no two-user send/read/realtime test performed.,P1,NO,Provide controlled fixtures and execute the full capability chain in PASS B runtime continuation.,"Static candidates exist, but the complete V1 chain was not exercised."
CAP-184,Services,auditService,L2_DATA_MODEL_ONLY,STATIC_EVIDENCE_ONLY,NEEDS_RUNTIME_PROOF,auditService.ts:50,lib/security/audit.ts; lib/services/audit.ts; lib/audit/audit.service.ts; app/admin/audit/audit-admin-client.tsx,"Runtime: /services=200, /api/services/categories=200, /api/service-categories=200, /api/service-providers=200; lifecycle mutations not tested.",P1,NO,Provide controlled fixtures and execute the full capability chain in PASS B runtime continuation.,"Static candidates exist, but the complete V1 chain was not exercised."
CAP-185,Chat,ChatContext,L4_END_TO_END_WIRED,STATIC_EVIDENCE_ONLY,NEEDS_RUNTIME_PROOF,ChatContext.tsx:324,lib/services-marketplace-schema.ts,Runtime: unauthenticated /api/messages=401; no two-user send/read/realtime test performed.,P1,NO,Provide controlled fixtures and execute the full capability chain in PASS B runtime continuation.,"Static candidates exist, but the complete V1 chain was not exercised."
CAP-186,Identity,AuthContext,L4_END_TO_END_WIRED,STATIC_EVIDENCE_ONLY,NEEDS_RUNTIME_PROOF,AuthContext.tsx:204,lib/auth/oauth.ts; lib/auth-labels.ts; lib/sponsor-auth.ts; lib/identity-auth.ts,"Runtime: /login=200, /register=200, unauthenticated /api/auth/me=401; no authenticated lifecycle tested.",P1,NO,Provide controlled fixtures and execute the full capability chain in PASS B runtime continuation.,"Static candidates exist, but the complete V1 chain was not exercised."
CAP-187,Geography,GeoContext,L4_END_TO_END_WIRED,STATIC_EVIDENCE_ONLY,NEEDS_RUNTIME_PROOF,GeoContext.tsx:195,lib/ads/geo.ts; lib/geo/geometry.ts; lib/geo/geocoding.ts; src/contexts/GeoContext.tsx,Runtime: GET /api/geo?type=countries=200; cross-platform propagation and smart-landing URL behavior not tested.,P2,NO,Provide controlled fixtures and execute the full capability chain in PASS B runtime continuation.,"Static candidates exist, but the complete V1 chain was not exercised."
CAP-188,Ads,GeoAdsContext,L4_END_TO_END_WIRED,STATIC_EVIDENCE_ONLY,NEEDS_RUNTIME_PROOF,GeoAdsContext.tsx:107,lib/ads/geo.ts; lib/geo/geometry.ts; lib/geo/geocoding.ts; lib/integration/ads.ts,Runtime: POST /api/ads/match with global_header/home/SA returned 200 and a matched creative; legacy GET /api/advertising/match returned 500.,P1,NO,Provide controlled fixtures and execute the full capability chain in PASS B runtime continuation.,"Static candidates exist, but the complete V1 chain was not exercised."
CAP-189,Organizations,CompanyContext,L4_END_TO_END_WIRED,STATIC_EVIDENCE_ONLY,NEEDS_RUNTIME_PROOF,CompanyContext.tsx:111,lib/company-schema.ts; components/company/CompanyCard.tsx; src/components/company/CompanyWorkspaceShell.tsx; app/dashboard/company/page.tsx,Runtime: /offices=200 and /api/offices=200; authenticated organization lifecycle not tested.,P2,NO,Provide controlled fixtures and execute the full capability chain in PASS B runtime continuation.,"Static candidates exist, but the complete V1 chain was not exercised."
CAP-190,Geography,LocationContext,L4_END_TO_END_WIRED,STATIC_EVIDENCE_ONLY,NEEDS_RUNTIME_PROOF,LocationContext.tsx:340,src/data/locations.ts; src/location-utils.ts; src/components/LocationChip.tsx; src/components/LocationPicker.tsx,Runtime: GET /api/geo?type=countries=200; cross-platform propagation and smart-landing URL behavior not tested.,P2,NO,Provide controlled fixtures and execute the full capability chain in PASS B runtime continuation.,"Static candidates exist, but the complete V1 chain was not exercised."
CAP-191,UX,api.ts (mock),L3_PARTIAL_FLOW,NOT_ESTABLISHED,IMPROVED,api.ts:1170,No reliable current equivalent located,"Runtime public routes /, /properties, /services, /auctions, /tools, /offices returned 200; no full visual/device matrix was run in PASS B.",P3,NO,Retain evidence and regression-test.,V1 in-memory mock API has been replaced across core domains by database-backed route handlers.
CAP-192,Identity,Email verification lifecycle,WIRED_OR_DOCUMENTED,See evidence,NEEDS_RUNTIME_PROOF,07_V1_IDENTITY_ACCOUNT_CAPABILITY_MODEL.md; VerifyEmail.tsx,app/api/auth/verify-email/route.ts; app/verify-email/page.tsx,"Runtime: /login=200, /register=200, unauthenticated /api/auth/me=401; no authenticated lifecycle tested.",P0,YES,Execute controlled runtime proof before certification.,Manual domain-level reconciliation record.
CAP-193,Identity,Password recovery lifecycle,WIRED_OR_DOCUMENTED,See evidence,NEEDS_RUNTIME_PROOF,ResetPassword.tsx; server auth routes,app/api/auth/forgot-password/route.ts; app/api/auth/reset-password/route.ts,"Runtime: /login=200, /register=200, unauthenticated /api/auth/me=401; no authenticated lifecycle tested.",P0,YES,Execute controlled runtime proof before certification.,Manual domain-level reconciliation record.
CAP-194,Identity,Social OAuth login,WIRED_OR_DOCUMENTED,See evidence,IMPROVED,PASS A identity model,app/api/auth/google/*; app/api/auth/facebook/*,"Runtime: /login=200, /register=200, unauthenticated /api/auth/me=401; no authenticated lifecycle tested.",P3,NO,Retain and add regression coverage.,Manual domain-level reconciliation record.
CAP-195,Authorization,Server-side RBAC enforcement,WIRED_OR_DOCUMENTED,See evidence,NEEDS_RUNTIME_PROOF,V1_AUTHORIZATION_ACTION_MATRIX.csv,lib/auth/access-control.ts; src/constants/roles.ts; src/constants/permissions.ts,Runtime: unauthenticated /api/admin/stats=403 and /api/admin/roles=401; privileged positive path not tested.,P0,YES,Execute controlled runtime proof before certification.,Manual domain-level reconciliation record.
CAP-196,Authorization,Blocked account enforcement,WIRED_OR_DOCUMENTED,See evidence,NEEDS_RUNTIME_PROOF,users.status; 07_V1_IDENTITY_ACCOUNT_CAPABILITY_MODEL.md,lib/auth/access-control.ts,Runtime: unauthenticated /api/admin/stats=403 and /api/admin/roles=401; privileged positive path not tested.,P0,YES,Execute controlled runtime proof before certification.,Manual domain-level reconciliation record.
CAP-197,Ads,Core ad matching and delivery,WIRED_OR_DOCUMENTED,See evidence,IMPROVED,12_V1_ADVERTISING_BUSINESS_ENGINE.md,lib/ads/engine.ts; app/api/ads/match/route.ts,Runtime: POST /api/ads/match with global_header/home/SA returned 200 and a matched creative; legacy GET /api/advertising/match returned 500.,P1,NO,Retain and add regression coverage.,Manual domain-level reconciliation record.
CAP-198,Ads,Geo/radius/tier campaign targeting,WIRED_OR_DOCUMENTED,See evidence,IMPROVED,12_V1_ADVERTISING_BUSINESS_ENGINE.md,lib/ads/engine.ts; src/constants/advertising.ts,Runtime: POST /api/ads/match with global_header/home/SA returned 200 and a matched creative; legacy GET /api/advertising/match returned 500.,P1,NO,Retain and add regression coverage.,Manual domain-level reconciliation record.
CAP-199,Ads,Campaign caps and analytics,WIRED_OR_DOCUMENTED,See evidence,NEEDS_RUNTIME_PROOF,V1 ads maxViews/maxClicks/viewCount/clickCount,lib/ads/engine.ts; app/api/ads/impression/route.ts; app/api/ads/click/route.ts,Runtime: POST /api/ads/match with global_header/home/SA returned 200 and a matched creative; legacy GET /api/advertising/match returned 500.,P1,NO,Execute controlled runtime proof before certification.,Manual domain-level reconciliation record.
CAP-200,Ads,Legacy advertising match endpoint,WIRED_OR_DOCUMENTED,See evidence,BROKEN,12_V1_ADVERTISING_BUSINESS_ENGINE.md,app/api/advertising/match/route.ts,Runtime: POST /api/ads/match with global_header/home/SA returned 200 and a matched creative; legacy GET /api/advertising/match returned 500.,P2,NO,Restore or formally defer in PASS C.,Manual domain-level reconciliation record.
CAP-201,Chat,Two-user persisted messaging,WIRED_OR_DOCUMENTED,See evidence,NEEDS_RUNTIME_PROOF,11_V1_MESSAGING_PROTOCOL_AND_UX.md,app/api/messages/route.ts; lib/db/schemas/messages-schema.ts,Runtime: unauthenticated /api/messages=401; no two-user send/read/realtime test performed.,P0,YES,Execute controlled runtime proof before certification.,Manual domain-level reconciliation record.
CAP-202,Chat,Realtime encrypted conversation,WIRED_OR_DOCUMENTED,See evidence,LOST,11_V1_MESSAGING_PROTOCOL_AND_UX.md; server/chat-server.ts,No Socket.IO/AES chat equivalent located in current source,Runtime: unauthenticated /api/messages=401; no two-user send/read/realtime test performed.,P1,NO,Restore or formally defer in PASS C.,Manual domain-level reconciliation record.
CAP-203,Chat,Message attachments and moderation,WIRED_OR_DOCUMENTED,See evidence,REGRESSED,11_V1_MESSAGING_PROTOCOL_AND_UX.md,Basic messages routes found; no equivalent attachment/moderation chain proved,Runtime: unauthenticated /api/messages=401; no two-user send/read/realtime test performed.,P1,NO,Restore or formally defer in PASS C.,Manual domain-level reconciliation record.
CAP-204,Properties,Public property search/filter,WIRED_OR_DOCUMENTED,See evidence,PRESERVED,16_V1_PROPERTY_ECOSYSTEM.md,app/api/properties/route.ts; app/properties/page.tsx,"Runtime: /properties=200, GET /api/properties?limit=1=200, GET /api/properties/search?limit=1=200; authenticated mutations not tested.",P1,NO,Retain and add regression coverage.,Manual domain-level reconciliation record.
CAP-205,Properties,Property creation and moderation,WIRED_OR_DOCUMENTED,See evidence,NEEDS_RUNTIME_PROOF,16_V1_PROPERTY_ECOSYSTEM.md,app/api/properties/route.ts; app/api/properties/[id]/submit/route.ts; app/api/admin/properties/[id]/review/route.ts,"Runtime: /properties=200, GET /api/properties?limit=1=200, GET /api/properties/search?limit=1=200; authenticated mutations not tested.",P0,YES,Execute controlled runtime proof before certification.,Manual domain-level reconciliation record.
CAP-206,Properties,Buyer requests and office offers,WIRED_OR_DOCUMENTED,See evidence,NEEDS_RUNTIME_PROOF,property_requests; property_offers,app/api/property-requests/route.ts; app/api/property-requests/[id]/offers/route.ts,"Runtime: /properties=200, GET /api/properties?limit=1=200, GET /api/properties/search?limit=1=200; authenticated mutations not tested.",P1,NO,Execute controlled runtime proof before certification.,Manual domain-level reconciliation record.
CAP-207,Services,Three-mode services model,WIRED_OR_DOCUMENTED,RUNTIME_CERTIFIED,IMPROVED,20_V1_SERVICES_THREE_MODE_MODEL.md,app/api/services/listings/*; app/api/service-bookings/*; app/api/service-requests/*; app/api/service-offers/*,"PASS C.S.1B production 3014 proved three independent entry modes: public listings/directory; Direct Booking with no request/offer; and competitive RFQ with request/offer/order.",P1,NO,Retain certification evidence and regression-test.,"The three concepts are explicit and Direct Booking cannot create synthetic RFQ/offer rows."
CAP-208,Services,Provider application and portfolio,WIRED_OR_DOCUMENTED,See evidence,NEEDS_RUNTIME_PROOF,ServiceHub profiles and provider journey,app/api/service-providers/[id]/apply/route.ts; documents/route.ts; portfolio/route.ts,"Runtime: /services=200, /api/services/categories=200, /api/service-categories=200, /api/service-providers=200; lifecycle mutations not tested.",P1,NO,Execute controlled runtime proof before certification.,Manual domain-level reconciliation record.
CAP-209,Services,Service request matching and offers,WIRED_OR_DOCUMENTED,RUNTIME_CERTIFIED,IMPROVED,20_V1_SERVICES_THREE_MODE_MODEL.md,app/api/service-requests/[id]/matching/route.ts; app/api/service-offers/*; app/api/service-jobs/*,"PASS C.S.1B production 3014: request publish matched 6 approved candidates; Provider A offered; Customer A accepted; order completed/reviewed; cross-customer acceptance was 403.",P0,NO,Retain certification evidence and regression-test.,"The P0 is closed with authenticated E2E evidence and stronger participant authorization."
CAP-210,Services,Sentiment-tracked service feedback,WIRED_OR_DOCUMENTED,See evidence,LOST,service_hub_feedback.sentiment,No sentiment field/processor located,"Runtime: /services=200, /api/services/categories=200, /api/service-categories=200, /api/service-providers=200; lifecycle mutations not tested.",P2,NO,Restore or formally defer in PASS C.,Manual domain-level reconciliation record.
CAP-211,Organizations,Organization membership and roles,WIRED_OR_DOCUMENTED,See evidence,NEEDS_RUNTIME_PROOF,07_V1_IDENTITY_ACCOUNT_CAPABILITY_MODEL.md,app/api/amrs/organizations/[id]/members/route.ts; lib/amrs/*,Runtime: /offices=200 and /api/offices=200; authenticated organization lifecycle not tested.,P1,NO,Execute controlled runtime proof before certification.,Manual domain-level reconciliation record.
CAP-212,Auctions,Auction bidding transaction,WIRED_OR_DOCUMENTED,See evidence,NEEDS_RUNTIME_PROOF,19_V1_AUCTION_OPERATING_SYSTEM.md,app/api/auctions/[id]/bid/route.ts,Runtime: /auctions=200 and /api/auctions?limit=1=200 with zero rows; bidding/closing/contract lifecycle not executable without fixtures.,P0,YES,Execute controlled runtime proof before certification.,Manual domain-level reconciliation record.
CAP-213,Auctions,Auto-bidding ceiling,WIRED_OR_DOCUMENTED,See evidence,LOST,auction_bids.maxAutoBid,Current bid route writes isAutoBid=false and has no maxAutoBid flow,Runtime: /auctions=200 and /api/auctions?limit=1=200 with zero rows; bidding/closing/contract lifecycle not executable without fixtures.,P1,NO,Restore or formally defer in PASS C.,Manual domain-level reconciliation record.
CAP-214,Auctions,Anti-sniping auto-extension,WIRED_OR_DOCUMENTED,See evidence,LOST,auction_settings.autoExtendMinutes,No autoExtendMinutes or equivalent found,Runtime: /auctions=200 and /api/auctions?limit=1=200 with zero rows; bidding/closing/contract lifecycle not executable without fixtures.,P1,NO,Restore or formally defer in PASS C.,Manual domain-level reconciliation record.
CAP-215,Auctions,Suspicious relist and sale proof,WIRED_OR_DOCUMENTED,See evidence,LOST,19_V1_AUCTION_OPERATING_SYSTEM.md,No suspicious_relist/sale_proofs model or route found,Runtime: /auctions=200 and /api/auctions?limit=1=200 with zero rows; bidding/closing/contract lifecycle not executable without fixtures.,P1,NO,Restore or formally defer in PASS C.,Manual domain-level reconciliation record.
CAP-216,Auctions,Auction contract and terms,WIRED_OR_DOCUMENTED,See evidence,IMPROVED,auction-contract.ts,app/api/auctions/[id]/terms/route.ts; contract/route.ts; contract/sign/route.ts,Runtime: /auctions=200 and /api/auctions?limit=1=200 with zero rows; bidding/closing/contract lifecycle not executable without fixtures.,P1,NO,Retain and add regression coverage.,Manual domain-level reconciliation record.
CAP-217,Matching,Elite property leads,WIRED_OR_DOCUMENTED,See evidence,LOST,09B_V1_ELITE_LEADS.md,No isEliteLead/leadScore equivalent found,No V1 developer-project matchmaking or elite-lead runtime route found; service-provider matching is a different capability.,P1,NO,Restore or formally defer in PASS C.,Manual domain-level reconciliation record.
CAP-218,Matching,Developer-project matchmaking,WIRED_OR_DOCUMENTED,See evidence,LOST,09C_V1_MATCHMAKING.md,No matchmaking stats/run routes found,No V1 developer-project matchmaking or elite-lead runtime route found; service-provider matching is a different capability.,P1,NO,Restore or formally defer in PASS C.,Manual domain-level reconciliation record.
CAP-219,Membership,Virtual token wallet,WIRED_OR_DOCUMENTED,See evidence,LOST,06_V1_FIELD_LEVEL_PRODUCT_IDEAS.md,No tokenBalance/wallet equivalent found,No authenticated plan/promo/license lifecycle test performed.,P2,NO,Restore or formally defer in PASS C.,Manual domain-level reconciliation record.
CAP-220,Membership,Promo codes and plan overrides,WIRED_OR_DOCUMENTED,See evidence,LOST,09D_V1_MEMBERSHIP.md,No promo-code/plan-override routes or models found,No authenticated plan/promo/license lifecycle test performed.,P1,NO,Restore or formally defer in PASS C.,Manual domain-level reconciliation record.
CAP-221,Tools,Find My Land OCR/coordinate flow,WIRED_OR_DOCUMENTED,See evidence,NEEDS_RUNTIME_PROOF,MapMyDeed and landAnalysisService evidence,app/tools/find-my-land/*; lib/land/ocr/*; lib/geo/*,Runtime: /tools=200; individual upload/process/download workflows were not executed.,P1,NO,Execute controlled runtime proof before certification.,Manual domain-level reconciliation record.
CAP-222,Tools,PDF to DOCX conversion,WIRED_OR_DOCUMENTED,See evidence,NEEDS_RUNTIME_PROOF,Tools archaeology,app/tools/pdf2word/page.tsx; src/lib/tools/pdf-to-word-layout.ts,Runtime: /tools=200; individual upload/process/download workflows were not executed.,P2,NO,Execute controlled runtime proof before certification.,Manual domain-level reconciliation record.
CAP-223,Notifications,Cross-domain notification center,WIRED_OR_DOCUMENTED,See evidence,REGRESSED,notifications table; 03 journeys,Service notification routes exist; no unified cross-domain center proved,Service notification routes exist; no authenticated delivery/read/bulk-read runtime test performed.,P1,NO,Restore or formally defer in PASS C.,Manual domain-level reconciliation record.
CAP-224,Office Integration,Office pairing and device credentials,WIRED_OR_DOCUMENTED,See evidence,NEEDS_RUNTIME_PROOF,desktop integration evidence,app/api/office/v1/pairing/*; auth/route.ts; devices/route.ts,"Runtime: unauthenticated /api/office/v1/sync=401; pairing, device auth, sync, stream, and retry require a provisioned device.",P0,YES,Execute controlled runtime proof before certification.,Manual domain-level reconciliation record.
CAP-225,Office Integration,Office sync and realtime stream,WIRED_OR_DOCUMENTED,See evidence,NEEDS_RUNTIME_PROOF,desktop sync endpoints in PASS A,app/api/office/v1/sync/route.ts; media/route.ts; news/route.ts; ads/route.ts; radar/route.ts; stream/route.ts,"Runtime: unauthenticated /api/office/v1/sync=401; pairing, device auth, sync, stream, and retry require a provisioned device.",P0,YES,Execute controlled runtime proof before certification.,Manual domain-level reconciliation record.
CAP-226,Admin,Admin command and analytics surface,WIRED_OR_DOCUMENTED,See evidence,NEEDS_RUNTIME_PROOF,09A; 55_V1_ADMIN_CONTROL_SURFACE.md,app/admin/*; app/api/admin/command-center/overview/route.ts; app/api/admin/analytics/route.ts,Runtime: admin endpoints reject unauthenticated requests; no authorized admin session was available.,P0,YES,Execute controlled runtime proof before certification.,Manual domain-level reconciliation record.
CAP-227,Geography,Smart landing URL personalization,WIRED_OR_DOCUMENTED,See evidence,REGRESSED,32_V1_SMART_LANDING_RULEBOOK.md,GeoContext exists; no useSmartLanding/category alias rulebook equivalent located,Runtime: GET /api/geo?type=countries=200; cross-platform propagation and smart-landing URL behavior not tested.,P1,NO,Restore or formally defer in PASS C.,Manual domain-level reconciliation record.
CAP-228,Geography,Hierarchical geo data,WIRED_OR_DOCUMENTED,See evidence,IMPROVED,V1 geo fields and smart landing,app/api/geo/route.ts; lib/db/schemas/geo-schema.ts,Runtime: GET /api/geo?type=countries=200; cross-platform propagation and smart-landing URL behavior not tested.,P2,NO,Retain and add regression coverage.,Manual domain-level reconciliation record.
CAP-229,Localization,Runtime localization delivery,WIRED_OR_DOCUMENTED,See evidence,NEEDS_RUNTIME_PROOF,i18n.ts; translation archaeology,app/api/i18n/[locale]/route.ts; app/api/i18n/admin/*; src/data/translations.ts,Runtime: GET /api/i18n/ar=200; admin editing/publishing and Turkish switching not tested.,P1,NO,Execute controlled runtime proof before certification.,Manual domain-level reconciliation record.
CAP-230,UX,Public navigation and responsive shell,WIRED_OR_DOCUMENTED,See evidence,NEEDS_RUNTIME_PROOF,V1 page/component coverage,src/components/services/PublicPageShell.tsx; public pages,"Runtime public routes /, /properties, /services, /auctions, /tools, /offices returned 200; no full visual/device matrix was run in PASS B.",P2,NO,Execute controlled runtime proof before certification.,Manual domain-level reconciliation record.
